"","trt.b.sub.y","dist"
"1","dt.1.n.2021",0.362477685826108
"2","dt.1.n.2022",0.383521507125121
"3","dt.1.n.2023",0.325673443935872
"4","dt.1.s.2021",0.407064817534489
"5","dt.1.s.2022",0.345970011200677
"6","dt.1.s.2023",0.351102809781205
"7","dt.10.n.2021",0.190261342292773
"8","dt.10.n.2022",0.340004658348138
"9","dt.10.n.2023",0.291521014943005
"10","dt.10.s.2021",0.173987409039603
"11","dt.10.s.2022",0.302189566056221
"12","dt.10.s.2023",0.273486625798131
"13","dt.11.n.2021",0.318456001978637
"14","dt.11.n.2022",0.32960007663898
"15","dt.11.n.2023",0.850923097924385
"16","dt.11.s.2021",0.220412790230029
"17","dt.11.s.2022",0.275053507169085
"18","dt.11.s.2023",0.761569440498862
"19","dt.12.n.2021",0.14247389498198
"20","dt.12.n.2022",0.197850756609574
"21","dt.12.n.2023",0.284873954961859
"22","dt.12.s.2021",0.293202919447394
"23","dt.12.s.2022",0.123400096494687
"24","dt.12.s.2023",0.149224650918128
"25","dt.13.n.2021",0.283495443922333
"26","dt.13.n.2022",0.371097782003945
"27","dt.13.n.2023",0.363218492265024
"28","dt.13.s.2021",0.314087239677594
"29","dt.13.s.2022",0.388958648384044
"30","dt.13.s.2023",0.387362377434932
"31","dt.14.n.2021",0.305933474926374
"32","dt.14.n.2022",0.279551242726695
"33","dt.14.n.2023",0.371515299101397
"34","dt.14.s.2021",0.259574945792291
"35","dt.14.s.2022",0.268395093943929
"36","dt.14.s.2023",0.291822465277595
"37","dt.15.n.2021",0.40246222481507
"38","dt.15.n.2022",0.284444745000302
"39","dt.15.n.2023",0.17529732171223
"40","dt.15.s.2021",0.240481622550347
"41","dt.15.s.2022",0.303777317252808
"42","dt.15.s.2023",0.154580620965542
"43","dt.16.n.2021",0.3397773782445
"44","dt.16.n.2022",0.298648323512687
"45","dt.16.n.2023",0.263675941445465
"46","dt.16.s.2021",0.266797370461621
"47","dt.16.s.2022",0.343682953457753
"48","dt.16.s.2023",0.236298400359423
"49","dt.17.n.2021",0.256623195380404
"50","dt.17.n.2022",0.401277005454299
"51","dt.17.n.2023",0.373121465007317
"52","dt.17.s.2021",0.297126431401049
"53","dt.17.s.2022",0.40044039874652
"54","dt.17.s.2023",0.393290878192942
"55","dt.18.n.2021",0.189677184896488
"56","dt.18.n.2022",0.273483616504219
"57","dt.18.n.2023",0.323043460659594
"58","dt.18.s.2021",0.132263336953323
"59","dt.18.s.2022",0.280293589765503
"60","dt.18.s.2023",0.574432160690365
"61","dt.19.n.2021",0.110759165083391
"62","dt.19.n.2022",0.268137656281191
"63","dt.19.n.2023",0.260256738529851
"64","dt.19.s.2021",0.188192535809641
"65","dt.19.s.2022",0.310709753859066
"66","dt.19.s.2023",0.229417601979737
"67","dt.2.n.2021",0.198651849922529
"68","dt.2.n.2022",0.141223402060446
"69","dt.2.n.2023",0.242892556907172
"70","dt.2.s.2021",0.215361027228577
"71","dt.2.s.2022",0.249267771275422
"72","dt.2.s.2023",0.221240685025572
"73","dt.20.n.2021",0.172564439881224
"74","dt.20.n.2022",0.297063832261114
"75","dt.20.n.2023",0.221161800048898
"76","dt.20.s.2021",0.121576064903072
"77","dt.20.s.2022",0.301418755522209
"78","dt.20.s.2023",0.292227242400441
"79","dt.21.n.2021",0.310951872482578
"80","dt.21.n.2022",0.402929734821118
"81","dt.21.n.2023",0.369482658998584
"82","dt.21.s.2021",0.32632179454207
"83","dt.21.s.2022",0.404046001155188
"84","dt.21.s.2023",0.389987273533768
"85","dt.22.n.2021",0.1701423207265
"86","dt.22.n.2022",0.302029762257473
"87","dt.22.n.2023",0.365048069023414
"88","dt.22.s.2021",0.100609242058865
"89","dt.22.s.2022",0.179699616414228
"90","dt.22.s.2023",0.494069654764763
"91","dt.23.n.2021",0.28951869945393
"92","dt.23.n.2022",0.351750439002575
"93","dt.23.n.2023",0.318078174790707
"94","dt.23.s.2021",0.252042140734397
"95","dt.23.s.2022",0.393032555528152
"96","dt.23.s.2023",0.380587008597812
"97","dt.24.n.2021",0.351382053847448
"98","dt.24.n.2022",0.284034740200167
"99","dt.24.n.2023",0.821434699621233
"100","dt.24.s.2021",0.38691969674599
"101","dt.24.s.2022",0.266833872394023
"102","dt.24.s.2023",0.665268881577957
"103","dt.25.n.2021",0.241482465643775
"104","dt.25.n.2022",0.345471827793151
"105","dt.25.n.2023",0.291060634108103
"106","dt.25.s.2021",0.225273898785578
"107","dt.25.s.2022",0.299491733214203
"108","dt.25.s.2023",0.266833212554807
"109","dt.26.n.2021",0.199251952005675
"110","dt.26.n.2022",0.371518292052336
"111","dt.26.n.2023",0.361037245913311
"112","dt.26.s.2021",0.174105028182469
"113","dt.26.s.2022",0.404046001155188
"114","dt.26.s.2023",0.320623102275116
"115","dt.27.n.2021",0.141958514129953
"116","dt.27.n.2022",0.269623000402602
"117","dt.27.n.2023",0.195898081828215
"118","dt.27.s.2021",0.114864718266228
"119","dt.27.s.2022",0.339940400927019
"120","dt.27.s.2023",0.217577958957682
"121","dt.28.n.2021",0.174671886418275
"122","dt.28.n.2022",0.242690829046506
"123","dt.28.n.2023",0.20836774648223
"124","dt.28.s.2021",0.160635823186124
"125","dt.28.s.2022",0.130939187301448
"126","dt.28.s.2023",0.210367295223577
"127","dt.29.n.2021",0.261215719991509
"128","dt.29.n.2022",0.307022905834092
"129","dt.29.n.2023",0.361770164527492
"130","dt.29.s.2021",0.225084584549379
"131","dt.29.s.2022",0.383934975148746
"132","dt.29.s.2023",0.445074324409653
"133","dt.3.n.2021",0.242196483078504
"134","dt.3.n.2022",0.678636393470877
"135","dt.3.n.2023",0.618280758293144
"136","dt.3.s.2021",0.238780018785253
"137","dt.3.s.2022",0.26715456449995
"138","dt.3.s.2023",0.456487718757992
"139","dt.30.n.2021",0.322814480974495
"140","dt.30.n.2022",0.312254001191805
"141","dt.30.n.2023",0.374418592216142
"142","dt.30.s.2021",0.29805640016874
"143","dt.30.s.2022",0.388627485019719
"144","dt.30.s.2023",0.373479854663471
"145","dt.31.n.2021",0.246792591703386
"146","dt.31.n.2022",0.368165542164812
"147","dt.31.n.2023",0.15469933891509
"148","dt.31.s.2021",0.198730982450828
"149","dt.31.s.2022",0.366952366041565
"150","dt.31.s.2023",0.225654615589182
"151","dt.32.n.2021",0.320520523828495
"152","dt.32.n.2022",0.229446013601556
"153","dt.32.n.2023",0.337825561432645
"154","dt.32.s.2021",0.232212748185193
"155","dt.32.s.2022",0.267157061279504
"156","dt.32.s.2023",0.229476554727542
"157","dt.33.n.2021",0.152077815268182
"158","dt.33.n.2022",0.329196131920035
"159","dt.33.n.2023",0.223352668688109
"160","dt.33.s.2021",0.217876056240034
"161","dt.33.s.2022",0.374638030206981
"162","dt.33.s.2023",0.365343127201512
"163","dt.34.n.2021",0.137308085353437
"164","dt.34.n.2022",0.404046001155188
"165","dt.34.n.2023",0.324228857001615
"166","dt.34.s.2021",0.30047908339742
"167","dt.34.s.2022",0.404046001155188
"168","dt.34.s.2023",0.324988771864308
"169","dt.35.n.2021",0.337200250026479
"170","dt.35.n.2022",0.262683951718533
"171","dt.35.n.2023",0.402081468429049
"172","dt.35.s.2021",0.404841989385879
"173","dt.35.s.2022",0.336040519352435
"174","dt.35.s.2023",0.392787768307511
"175","dt.36.n.2021",0.352599044459003
"176","dt.36.n.2022",0.340290332054599
"177","dt.36.n.2023",0.311455868489087
"178","dt.36.s.2021",0.262876549647832
"179","dt.36.s.2022",0.404046001155188
"180","dt.36.s.2023",0.302224717330803
"181","dt.37.n.2021",0.315042757696639
"182","dt.37.n.2022",0.209591656635795
"183","dt.37.n.2023",0.604466340276359
"184","dt.37.s.2021",0.242448557985459
"185","dt.37.s.2022",0.241116595783995
"186","dt.37.s.2023",0.240435155863143
"187","dt.38.n.2021",0.216564446856303
"188","dt.38.n.2022",0.316928714485177
"189","dt.38.n.2023",0.30236319044928
"190","dt.38.s.2021",0.147020906178499
"191","dt.38.s.2022",0.194401656041065
"192","dt.38.s.2023",0.298926563694392
"193","dt.39.n.2021",0.333235530894537
"194","dt.39.n.2022",0.287583648004724
"195","dt.39.n.2023",0.264988686172779
"196","dt.39.s.2021",0.317597879796483
"197","dt.39.s.2022",0.372841760763915
"198","dt.39.s.2023",0.28171371476173
"199","dt.4.n.2021",0.277815934645994
"200","dt.4.n.2022",0.293631856163573
"201","dt.4.n.2023",1
"202","dt.4.s.2021",0.282139487160465
"203","dt.4.s.2022",0.288544853215932
"204","dt.4.s.2023",0.524467310057162
"205","dt.40.n.2021",0.369571835031308
"206","dt.40.n.2022",0.345015238614436
"207","dt.40.n.2023",0.354062668523287
"208","dt.40.s.2021",0.340471773971211
"209","dt.40.s.2022",0.302340771863758
"210","dt.40.s.2023",0.337753456637475
"211","dt.41.n.2021",0.297199135728915
"212","dt.41.n.2022",0.353289031543308
"213","dt.41.n.2023",0.283118736704652
"214","dt.41.s.2021",0.361735865322582
"215","dt.41.s.2022",0.342962518944166
"216","dt.41.s.2023",0.32160965922866
"217","dt.42.n.2021",0.200038856338919
"218","dt.42.n.2022",0.288408615130094
"219","dt.42.n.2023",0.269550719592799
"220","dt.42.s.2021",0.120438176988225
"221","dt.42.s.2022",0.239176405222704
"222","dt.42.s.2023",0.259122120463193
"223","dt.43.n.2021",0.271946579554341
"224","dt.43.n.2022",0.145098001022466
"225","dt.43.n.2023",0.0672646949907536
"226","dt.43.s.2021",0.0863531454953325
"227","dt.43.s.2022",0.15570419556703
"228","dt.43.s.2023",0.203748473364467
"229","dt.44.n.2021",0.201441395259264
"230","dt.44.n.2022",0.324687303776799
"231","dt.44.n.2023",0.251967740496835
"232","dt.44.s.2021",0.221945231793757
"233","dt.44.s.2022",0.267513593993117
"234","dt.44.s.2023",0.190417087025191
"235","dt.45.n.2021",0.25060786359796
"236","dt.45.n.2022",0.318625862432584
"237","dt.45.n.2023",0.699967686997767
"238","dt.45.s.2021",0.241846703344482
"239","dt.45.s.2022",0.21428821265535
"240","dt.45.s.2023",0.310816661871264
"241","dt.46.n.2021",0.28052790320286
"242","dt.46.n.2022",0.319458084046992
"243","dt.46.n.2023",0.362778403346509
"244","dt.46.s.2021",0.241273387699446
"245","dt.46.s.2022",0.383372356070096
"246","dt.46.s.2023",0.395288365976283
"247","dt.47.n.2021",0.281940382874913
"248","dt.47.n.2022",0.245275440111022
"249","dt.47.n.2023",0.338275322973612
"250","dt.47.s.2021",0.331292713593493
"251","dt.47.s.2022",0.262765574591271
"252","dt.47.s.2023",0.321298558956778
"253","dt.48.n.2021",0.245058798951136
"254","dt.48.n.2022",0.298489160407745
"255","dt.48.n.2023",0.307305571160312
"256","dt.48.s.2021",0.244916096897628
"257","dt.48.s.2022",0.277375308456072
"258","dt.48.s.2023",0.286429987835531
"259","dt.49.n.2021",0.234591295514511
"260","dt.49.n.2022",0.298853024932361
"261","dt.49.n.2023",0.24905773346394
"262","dt.49.s.2021",0.257473882721024
"263","dt.49.s.2022",0.283879256391661
"264","dt.49.s.2023",0.281582191282707
"265","dt.5.n.2021",0.556386000635798
"266","dt.5.n.2022",0.354127897736887
"267","dt.5.n.2023",0.192053610558865
"268","dt.5.s.2021",0.258822492900128
"269","dt.5.s.2022",0.314939113045748
"270","dt.5.s.2023",0.201251262278628
"271","dt.50.n.2021",0.131400055010112
"272","dt.50.n.2022",0.231799321318968
"273","dt.50.n.2023",0.761699547756306
"274","dt.50.s.2021",0.150195501336829
"275","dt.50.s.2022",0.274006598597802
"276","dt.50.s.2023",0.518024508713782
"277","dt.51.n.2021",0.200537476066204
"278","dt.51.n.2022",0.276016546481157
"279","dt.51.n.2023",0.275362335637274
"280","dt.51.s.2021",0.241784473538279
"281","dt.51.s.2022",0.307200556620104
"282","dt.51.s.2023",0.175481154410165
"283","dt.52.n.2021",0.280956302451777
"284","dt.52.n.2022",0.26764890964639
"285","dt.52.n.2023",0.277322496131495
"286","dt.52.s.2021",0.238766020453236
"287","dt.52.s.2022",0.237646168939737
"288","dt.52.s.2023",0.276573518328609
"289","dt.53.n.2021",0.231064671381278
"290","dt.53.n.2022",0.23955686622031
"291","dt.53.n.2023",0.310767154129899
"292","dt.53.s.2021",0.256773652873398
"293","dt.53.s.2022",0.370440700324905
"294","dt.53.s.2023",0.33257105097738
"295","dt.54.n.2021",0.232927299115113
"296","dt.54.n.2022",0.235676519631473
"297","dt.54.n.2023",0.168998712323905
"298","dt.54.s.2021",0.140411936625618
"299","dt.54.s.2022",0.205336297228196
"300","dt.54.s.2023",0.093359687565557
"301","dt.55.n.2021",0.25887537684098
"302","dt.55.n.2022",0.292705014631189
"303","dt.55.n.2023",0.232556718300855
"304","dt.55.s.2021",0.188254621965279
"305","dt.55.s.2022",0.229425988694044
"306","dt.55.s.2023",0.280028648289923
"307","dt.56.n.2021",0.304702224906291
"308","dt.56.n.2022",0.348789376657452
"309","dt.56.n.2023",0.30185382302819
"310","dt.56.s.2021",0.256569502974567
"311","dt.56.s.2022",0.332788650354889
"312","dt.56.s.2023",0.302388982772854
"313","dt.57.n.2021",0.373523815637915
"314","dt.57.n.2022",0.398822032913299
"315","dt.57.n.2023",0.401847564701353
"316","dt.57.s.2021",0.320125440290674
"317","dt.57.s.2022",0.398403759941906
"318","dt.57.s.2023",0.3967793010368
"319","dt.58.n.2021",0.152885014433157
"320","dt.58.n.2022",0.393407854169603
"321","dt.58.n.2023",0.242192888729244
"322","dt.58.s.2021",0.228223553769518
"323","dt.58.s.2022",0.374813032279295
"324","dt.58.s.2023",0.425535146961531
"325","dt.59.n.2021",0.238598682260691
"326","dt.59.n.2022",0.404046001155188
"327","dt.59.n.2023",0.284240618903875
"328","dt.59.s.2021",0.122295329414492
"329","dt.59.s.2022",0.311157068639773
"330","dt.59.s.2023",0.327955186386409
"331","dt.6.n.2021",0.19335284470223
"332","dt.6.n.2022",0.548185282114239
"333","dt.6.n.2023",0.227558311605431
"334","dt.6.s.2021",0.232324323168568
"335","dt.6.s.2022",0.210625958746798
"336","dt.6.s.2023",0.314921362288
"337","dt.60.n.2021",0.372096046935584
"338","dt.60.n.2022",0.343755328084492
"339","dt.60.n.2023",0.360856419000771
"340","dt.60.s.2021",0.249386820605088
"341","dt.60.s.2022",0.288952235604634
"342","dt.60.s.2023",0.249429763603893
"343","dt.61.n.2021",0.110636376576027
"344","dt.61.n.2022",0.278564877566524
"345","dt.61.n.2023",0.155423506989781
"346","dt.61.s.2021",0.297099075303329
"347","dt.61.s.2022",0.322528058188898
"348","dt.61.s.2023",0.228972826084304
"349","dt.62.n.2021",0.161575459156592
"350","dt.62.n.2022",0.290566239933673
"351","dt.62.n.2023",0.226114993985668
"352","dt.62.s.2021",0.220301060423142
"353","dt.62.s.2022",0.316128621122083
"354","dt.62.s.2023",0.270937795364426
"355","dt.63.n.2021",0.300209021125735
"356","dt.63.n.2022",0.347188443982645
"357","dt.63.n.2023",0.338957545658933
"358","dt.63.s.2021",0.307683531034102
"359","dt.63.s.2022",0.348469609807771
"360","dt.63.s.2023",0.321696092203726
"361","dt.64.n.2021",0.283950401056675
"362","dt.64.n.2022",0.361911298812396
"363","dt.64.n.2023",0.350318868929349
"364","dt.64.s.2021",0.271075862966901
"365","dt.64.s.2022",0.349016053979407
"366","dt.64.s.2023",0.327678748143968
"367","dt.7.n.2021",0.15251033415983
"368","dt.7.n.2022",0.292531928081441
"369","dt.7.n.2023",0.600681594994706
"370","dt.7.s.2021",0.276529558941536
"371","dt.7.s.2022",0.230892471936215
"372","dt.7.s.2023",0.343886808401233
"373","dt.8.n.2021",0.692101981489711
"374","dt.8.n.2022",0.365114651412593
"375","dt.8.n.2023",0.350078493996485
"376","dt.8.s.2021",0.279864997267042
"377","dt.8.s.2022",0.371376925083075
"378","dt.8.s.2023",0.318878553777983
"379","dt.9.n.2021",0.287136712362486
"380","dt.9.n.2022",0.308542178680862
"381","dt.9.n.2023",0.297724083140051
"382","dt.9.s.2021",0.414257066122362
"383","dt.9.s.2022",0.303833633023995
"384","dt.9.s.2023",0.36796736588982
"385","target",0
"386","ir.1.n.2021",0.224828505479389
"387","ir.1.n.2022",0.513984994312555
"388","ir.1.n.2023",0.42532260933983
"389","ir.1.s.2021",0.335677749014487
"390","ir.1.s.2022",0.762007634249341
"391","ir.1.s.2023",0.458199573330856
"392","ir.10.n.2021",0.432298481310122
"393","ir.10.n.2022",0.574425537034778
"394","ir.10.n.2023",0.478938185684487
"395","ir.10.s.2021",0.290522189906196
"396","ir.10.s.2022",0.524675498586866
"397","ir.10.s.2023",0.351732817040137
"398","ir.11.n.2021",0.554050197477292
"399","ir.11.n.2023",0.582725831657447
"400","ir.11.s.2021",0.320562773176689
"401","ir.11.s.2022",0.52610465645496
"402","ir.11.s.2023",0.565427697350383
"403","ir.12.n.2021",0.45161916977864
"404","ir.12.n.2023",0.49125981010987
"405","ir.12.s.2021",0.597279630925531
"406","ir.12.s.2023",0.705890147624504
"407","ir.13.n.2021",0.437383966629001
"408","ir.13.n.2022",0.464654373208763
"409","ir.13.n.2023",0.438364312795101
"410","ir.13.s.2021",0.422220643236597
"411","ir.13.s.2022",0.631915963480984
"412","ir.13.s.2023",0.568828494966798
"413","ir.14.n.2021",0.47277497423594
"414","ir.14.n.2022",0.444288887786919
"415","ir.14.n.2023",0.54480025519649
"416","ir.14.s.2021",0.248958337358457
"417","ir.14.s.2022",0.473958744803525
"418","ir.14.s.2023",0.498864777061865
"419","ir.15.n.2021",0.47110931304809
"420","ir.15.n.2022",0.435683610559181
"421","ir.15.n.2023",0.301738357218116
"422","ir.15.s.2021",0.343692044381287
"423","ir.15.s.2022",0.455181056715246
"424","ir.15.s.2023",0.419891448570812
"425","ir.16.n.2021",0.282283257668707
"426","ir.16.n.2022",0.646292994253019
"427","ir.16.n.2023",0.477274340121142
"428","ir.16.s.2021",0.403576930615299
"429","ir.16.s.2022",0.595569654139787
"430","ir.16.s.2023",0.470218257925268
"431","ir.17.n.2021",0.388165231126734
"432","ir.17.n.2022",0.531137973027099
"433","ir.17.n.2023",0.480019484374384
"434","ir.17.s.2021",0.260002804841674
"435","ir.17.s.2022",0.431321470033598
"436","ir.17.s.2023",0.496061596636533
"437","ir.18.n.2021",0.0884052652981242
"438","ir.18.n.2023",0.65656567911607
"439","ir.18.s.2021",0.0939733575542229
"440","ir.18.s.2023",0.536007795684986
"441","ir.19.n.2021",0.839884999807361
"442","ir.19.n.2022",0.376803007148786
"443","ir.19.n.2023",0.355899366782522
"444","ir.19.s.2021",0.453512600254477
"445","ir.19.s.2022",0.589166874814858
"446","ir.19.s.2023",0.4636821876886
"447","ir.2.n.2021",0.124869969956515
"448","ir.2.n.2022",0.24928831724066
"449","ir.2.n.2023",0.134124153630404
"450","ir.2.s.2021",0.244974026352759
"451","ir.2.s.2022",0.230579672416664
"452","ir.2.s.2023",0.243360316692097
"453","ir.20.n.2021",0.253808034966456
"454","ir.20.n.2022",0.762007634249341
"455","ir.20.n.2023",0.626156916364368
"456","ir.20.s.2021",0.094509985864474
"457","ir.20.s.2023",0.738298561219773
"458","ir.21.n.2021",0.254620549220587
"459","ir.21.n.2022",0.739673156637592
"460","ir.21.n.2023",0.634591372166329
"461","ir.21.s.2021",0.290594313277275
"462","ir.21.s.2022",0.755826743122675
"463","ir.21.s.2023",0.591920571065422
"464","ir.22.n.2021",0.573730118595602
"465","ir.22.n.2022",0.52042209164088
"466","ir.22.n.2023",0.546216603043479
"467","ir.22.s.2021",0.476493783031412
"468","ir.22.s.2022",0.762007634249341
"469","ir.22.s.2023",0.381897943893427
"470","ir.23.n.2021",0.283944527348094
"471","ir.23.n.2022",0.433789236934429
"472","ir.23.n.2023",0.475971514498813
"473","ir.23.s.2021",0.358772620015773
"474","ir.23.s.2022",0.611794481057846
"475","ir.23.s.2023",0.405709280433989
"476","ir.24.n.2021",0.12949464044111
"477","ir.24.n.2022",0.475199662641763
"478","ir.24.n.2023",0.548268477973912
"479","ir.24.s.2021",0.306245545968863
"480","ir.24.s.2022",0.573555031141948
"481","ir.24.s.2023",0.385762470288871
"482","ir.25.n.2021",0.431069902247524
"483","ir.25.n.2022",0.523033176812782
"484","ir.25.n.2023",0.480176721645666
"485","ir.25.s.2021",0.421514098874818
"486","ir.25.s.2022",0.546437504998307
"487","ir.25.s.2023",0.438460274475058
"488","ir.26.n.2021",0.38080475068073
"489","ir.26.n.2022",1
"490","ir.26.n.2023",0.505949990701294
"491","ir.26.s.2021",0.101435874398661
"492","ir.26.s.2022",0.289040759392961
"493","ir.26.s.2023",0.381611560745252
"494","ir.27.n.2021",0.42703887963813
"495","ir.27.n.2022",0.556960357345443
"496","ir.27.n.2023",0.578381261259669
"497","ir.27.s.2021",0.5429144491669
"498","ir.27.s.2022",0.582524883303905
"499","ir.27.s.2023",0.582732850107303
"500","ir.28.n.2021",0.320594509932623
"501","ir.28.n.2022",0.56543476924361
"502","ir.28.n.2023",0.271038571334578
"503","ir.28.s.2021",0.332798504989516
"504","ir.28.s.2022",0.576027839076928
"505","ir.28.s.2023",0.530285570191794
"506","ir.29.n.2021",0.561261091197441
"507","ir.29.n.2022",0.291968291994214
"508","ir.29.n.2023",0.560439307085594
"509","ir.29.s.2021",0.641706694110198
"510","ir.29.s.2022",0.305491276707914
"511","ir.29.s.2023",0.623509126726124
"512","ir.3.n.2021",0.298190826392406
"513","ir.3.n.2022",0.257409986375693
"514","ir.3.n.2023",0.350650404986591
"515","ir.3.s.2021",0.360067786191718
"516","ir.3.s.2022",0.341225681059465
"517","ir.3.s.2023",0.292495187525104
"518","ir.30.n.2021",0.554962156124005
"519","ir.30.n.2022",0.430880815143323
"520","ir.30.n.2023",0.688802844242076
"521","ir.30.s.2021",0.484970291972674
"522","ir.30.s.2022",0.86925189619568
"523","ir.30.s.2023",0.569276265840683
"524","ir.31.n.2021",0.414200061260041
"525","ir.31.n.2022",0.499585427448276
"526","ir.31.n.2023",0.385425166495105
"527","ir.31.s.2021",0.376452137216284
"528","ir.31.s.2022",0.567457417612177
"529","ir.31.s.2023",0.365456783190444
"530","ir.32.n.2021",0.828143375344007
"531","ir.32.n.2022",0.429039200890617
"532","ir.32.n.2023",0.568662779468244
"533","ir.32.s.2021",0.422846104216586
"534","ir.32.s.2022",0.198156760269675
"535","ir.32.s.2023",0.49887050522822
"536","ir.33.n.2021",0.38914418362788
"537","ir.33.n.2022",0.448806780636915
"538","ir.33.n.2023",0.443514377030953
"539","ir.33.s.2021",0.422290043668657
"540","ir.33.s.2022",0.386388692482813
"541","ir.33.s.2023",0.423492442136181
"542","ir.34.n.2021",0.389602990966854
"543","ir.34.n.2022",0.478950135600993
"544","ir.34.n.2023",0.531411895169805
"545","ir.34.s.2021",0.31130364055353
"546","ir.34.s.2022",0.478950135600993
"547","ir.34.s.2023",0.396468856235448
"548","ir.35.n.2021",0.187826409906568
"549","ir.35.n.2022",0.459460161769249
"550","ir.35.n.2023",0.48183343136741
"551","ir.35.s.2021",0.257338723922655
"552","ir.35.s.2022",0.0969339650107312
"553","ir.35.s.2023",0.695421557299643
"554","ir.36.n.2021",0.469529491715937
"555","ir.36.n.2022",0.615821012340339
"556","ir.36.n.2023",0.503837084647435
"557","ir.36.s.2021",0.268815716898794
"558","ir.36.s.2022",0.585194650003661
"559","ir.36.s.2023",0.445061424504236
"560","ir.37.n.2021",0.534906551683768
"561","ir.37.n.2022",0.200378697648438
"562","ir.37.n.2023",0.48312821698252
"563","ir.37.s.2021",0.491907465818294
"564","ir.37.s.2022",0.454646883021518
"565","ir.37.s.2023",0.569734355853356
"566","ir.38.n.2021",0.401918974283171
"567","ir.38.n.2022",0.330543592702925
"568","ir.38.n.2023",0.544435347438958
"569","ir.38.s.2021",0.574746933358708
"570","ir.38.s.2022",0.488351165195736
"571","ir.38.s.2023",0.404553306987603
"572","ir.39.n.2021",0.318025229697375
"573","ir.39.n.2022",0.543896043473451
"574","ir.39.n.2023",0.435875399926306
"575","ir.39.s.2021",0.43373511198391
"576","ir.39.s.2022",0.615350809695615
"577","ir.39.s.2023",0.635959745716469
"578","ir.4.n.2021",0.275200210439021
"579","ir.4.n.2022",0.639087912732112
"580","ir.4.n.2023",0.68746890430324
"581","ir.4.s.2021",0.544802507916406
"582","ir.4.s.2022",0.695343453195572
"583","ir.4.s.2023",0.634691202200629
"584","ir.40.n.2021",0.543898545975723
"585","ir.40.n.2022",0.659580870420993
"586","ir.40.n.2023",0.532469426312266
"587","ir.40.s.2021",0.470520842750009
"588","ir.40.s.2023",0.710160179605305
"589","ir.41.n.2021",0.183939090969547
"590","ir.41.n.2022",0.531271484632022
"591","ir.41.n.2023",0.370857516851518
"592","ir.41.s.2021",0.305590576770443
"593","ir.41.s.2022",0.351937264420171
"594","ir.41.s.2023",0.593906503147595
"595","ir.42.n.2021",0.118766444522312
"596","ir.42.n.2022",0.514579037022565
"597","ir.42.n.2023",0.303643253752597
"598","ir.42.s.2021",0.233165767922598
"599","ir.42.s.2022",0.57871804710291
"600","ir.42.s.2023",0.465419935601933
"601","ir.43.n.2021",0.0895901321418463
"602","ir.43.n.2022",0.155942343397801
"603","ir.43.n.2023",0.178523252732226
"604","ir.43.s.2021",0.16532356069966
"605","ir.43.s.2022",0.174500606866304
"606","ir.43.s.2023",0.396091247380898
"607","ir.44.n.2021",0.254123737886359
"608","ir.44.n.2022",0.723418856391159
"609","ir.44.n.2023",0.454010777414124
"610","ir.44.s.2021",0.362234755281504
"611","ir.44.s.2022",0.541374375888516
"612","ir.44.s.2023",0.54161244792063
"613","ir.45.n.2021",0.0571578721063309
"614","ir.45.n.2022",0.621492283261529
"615","ir.45.n.2023",0.485418542477947
"616","ir.45.s.2021",0.155246401121464
"617","ir.45.s.2022",0.448650124077519
"618","ir.45.s.2023",0.326857939264721
"619","ir.46.n.2021",0.375262344676385
"620","ir.46.n.2022",0.575869722839523
"621","ir.46.n.2023",0.558645198512139
"622","ir.46.s.2021",0.231143513215198
"623","ir.46.s.2022",0.631162542615651
"624","ir.46.s.2023",0.609791755285295
"625","ir.47.n.2021",0.443775489403029
"626","ir.47.n.2022",0.454313669516943
"627","ir.47.n.2023",0.638249669886485
"628","ir.47.s.2021",0.521651834922718
"629","ir.47.s.2022",0.523579306660839
"630","ir.47.s.2023",0.44563494233273
"631","ir.48.n.2021",0.462437095194787
"632","ir.48.n.2022",0.749394364463005
"633","ir.48.n.2023",0.659381667287731
"634","ir.48.s.2021",0.415907568408573
"635","ir.48.s.2022",0.756459297580476
"636","ir.48.s.2023",0.487506052499372
"637","ir.49.n.2021",0.323828183015498
"638","ir.49.n.2022",0.522986253188633
"639","ir.49.n.2023",0.465627023356402
"640","ir.49.s.2021",0.299713540156008
"641","ir.49.s.2022",0.452775732665712
"642","ir.49.s.2023",0.428714398816724
"643","ir.5.n.2021",0.395775108864756
"644","ir.5.n.2022",0.502237633928873
"645","ir.5.n.2023",0.531475098188748
"646","ir.5.s.2021",0.22356038497821
"647","ir.5.s.2022",0.361311890774759
"648","ir.5.s.2023",0.34695405920329
"649","ir.50.n.2021",0.354175576281355
"650","ir.50.n.2022",0.525138523687175
"651","ir.50.n.2023",0.540225677482734
"652","ir.50.s.2021",0.305694376760509
"653","ir.50.s.2022",0.610147094668451
"654","ir.50.s.2023",0.496635329164757
"655","ir.51.n.2021",0.354150075743512
"656","ir.51.n.2022",0.740985613787341
"657","ir.51.n.2023",0.288658198860852
"658","ir.51.s.2021",0.187275371363686
"659","ir.51.s.2022",0.740985613787341
"660","ir.51.s.2023",0.66535173575001
"661","ir.52.n.2021",0.564947465345485
"662","ir.52.n.2022",0.585194650003661
"663","ir.52.n.2023",0.58510248258023
"664","ir.52.s.2021",0.457264594497139
"665","ir.52.s.2022",0.58148773204673
"666","ir.52.s.2023",0.586413658838021
"667","ir.53.n.2021",0.281847908794806
"668","ir.53.n.2022",0.224599589192371
"669","ir.53.n.2023",0.558874917664192
"670","ir.53.s.2021",0.227193300901892
"671","ir.53.s.2022",0.480555114616018
"672","ir.53.s.2023",0.569947309927184
"673","ir.54.n.2021",0.443049073734232
"674","ir.54.n.2022",0.459273869722228
"675","ir.54.n.2023",0.511119486398495
"676","ir.54.s.2021",0.279323513655414
"677","ir.54.s.2022",0.621071027813852
"678","ir.54.s.2023",0.381784593423079
"679","ir.55.n.2021",0.475701216094971
"680","ir.55.n.2022",0.537840049711307
"681","ir.55.n.2023",0.52192740873005
"682","ir.55.s.2021",0.580796959135743
"683","ir.55.s.2022",0.529387584646752
"684","ir.55.s.2023",0.469616160370541
"685","ir.56.n.2021",0.0580348630723456
"686","ir.56.n.2022",0.50798556194497
"687","ir.56.n.2023",0.660021193625231
"688","ir.56.s.2021",0.104007463173628
"689","ir.56.s.2022",0.610306069277215
"690","ir.56.s.2023",0.33601619176333
"691","ir.57.n.2021",0.335195122356794
"692","ir.57.n.2022",0.594493523433423
"693","ir.57.n.2023",0.473767147718504
"694","ir.57.s.2021",0.281172623908085
"695","ir.57.s.2022",0.629440473791443
"696","ir.57.s.2023",0.427601095426992
"697","ir.58.n.2021",0.406398192152209
"698","ir.58.n.2022",0.253636590006018
"699","ir.58.n.2023",0.565303888288267
"700","ir.58.s.2021",0.374955198905046
"701","ir.58.s.2022",0.393860571679698
"702","ir.58.s.2023",0.445012010202546
"703","ir.59.n.2021",0.31820551982784
"704","ir.59.n.2022",0.541808815490868
"705","ir.59.n.2023",0.433050044371492
"706","ir.59.s.2021",0.433970658115602
"707","ir.59.s.2022",0.544865560589336
"708","ir.59.s.2023",0.454668393183329
"709","ir.6.n.2021",0.723810615384912
"710","ir.6.n.2022",0.276993894659902
"711","ir.6.n.2023",0.457809036914163
"712","ir.6.s.2021",0.838605944250163
"713","ir.6.s.2022",0.552011610794679
"714","ir.6.s.2023",0.655257458692432
"715","ir.60.n.2021",0.512966088877433
"716","ir.60.n.2022",0.652880749113454
"717","ir.60.n.2023",0.677742143542768
"718","ir.60.s.2021",0.36042820091954
"719","ir.60.s.2022",0.610393282739746
"720","ir.60.s.2023",0.70088551150447
"721","ir.61.n.2021",0.143731105681929
"722","ir.61.n.2022",0.51063890050403
"723","ir.61.n.2023",0.457571350757308
"724","ir.61.s.2021",0.188238547084736
"725","ir.61.s.2022",0.587134908432872
"726","ir.61.s.2023",0.456336624564778
"727","ir.62.n.2021",0.238661131860965
"728","ir.62.n.2022",0.587034993637302
"729","ir.62.n.2023",0.430475445519968
"730","ir.62.s.2021",0.329699512423891
"731","ir.62.s.2022",0.507366654393472
"732","ir.62.s.2023",0.378829165283423
"733","ir.63.n.2021",0.215742577086369
"734","ir.63.n.2022",0.227919219899889
"735","ir.63.n.2023",0.222408367241461
"736","ir.63.s.2021",0.375663368143922
"737","ir.63.s.2022",0.532494210953257
"738","ir.63.s.2023",0.503683053404358
"739","ir.64.n.2021",0.534587126613176
"740","ir.64.n.2022",0.431872332672934
"741","ir.64.n.2023",0.563129967817745
"742","ir.64.s.2021",0.40966492203924
"743","ir.64.s.2022",0.46323928003321
"744","ir.64.s.2023",0.557881031473036
"745","ir.7.n.2021",0.195985775837985
"746","ir.7.n.2022",0.42127184422264
"747","ir.7.n.2023",0.747969994914438
"748","ir.7.s.2021",0.441873230652573
"749","ir.7.s.2022",0.646292994253019
"750","ir.7.s.2023",0.746105296324714
"751","ir.8.n.2021",0.459454933504119
"752","ir.8.n.2022",0.542876614741004
"753","ir.8.n.2023",0.483512215565646
"754","ir.8.s.2021",0.422715601845028
"755","ir.8.s.2022",0.449024128882774
"756","ir.8.s.2023",0.436750675685474
"757","ir.9.n.2021",0.239386935629269
"758","ir.9.n.2022",0.431872332672934
"759","ir.9.n.2023",0.507975890985375
"760","ir.9.s.2021",0.403216832446146
"761","ir.9.s.2022",0.527698859380253
"762","ir.9.s.2023",0.319815166454506
"763","target",0
"764","fd.1.n.2021",0.321125355690073
"765","fd.1.s.2021",0.355895086760873
"766","fd.10.n.2021",0.294843379750228
"767","fd.10.s.2021",0.272785685081748
"768","fd.11.n.2021",0.396233803548072
"769","fd.11.s.2021",0.375569849111476
"770","fd.12.n.2021",0.223802853998597
"771","fd.12.s.2021",0.0817045179532745
"772","fd.13.n.2021",0.353312848748088
"773","fd.13.s.2021",0.231437255567098
"774","fd.14.n.2021",0.530163503685261
"775","fd.14.s.2021",0.617749471535494
"776","fd.15.n.2021",0.374411277327909
"777","fd.15.s.2021",0.347759033194774
"778","fd.16.n.2021",0.475390723684999
"779","fd.16.s.2021",0.497823928741631
"780","fd.17.n.2021",0.0446772563268955
"781","fd.17.s.2021",0.105652378649292
"782","fd.18.n.2021",0.535344905941351
"783","fd.18.s.2021",0.548338480194456
"784","fd.19.n.2021",0.375241244275871
"785","fd.19.s.2021",0.371331885890112
"786","fd.2.n.2021",0.409692606722544
"787","fd.2.s.2021",0.378679780189235
"788","fd.20.n.2021",0.337868926270999
"789","fd.20.s.2021",0.186061971803823
"790","fd.21.n.2021",0.192591148295201
"791","fd.21.s.2021",0.319315119796881
"792","fd.22.n.2021",0.260447286751337
"793","fd.22.s.2021",0.33419105494543
"794","fd.23.n.2021",0.509398203986406
"795","fd.23.s.2021",0.586687440841133
"796","fd.24.n.2021",0.283013591497716
"797","fd.24.s.2021",0.411544220762768
"798","fd.25.n.2021",0.427994261928639
"799","fd.25.s.2021",0.423045217060491
"800","fd.26.n.2021",0.327383636554561
"801","fd.26.s.2021",0.319701963841625
"802","fd.27.n.2021",0.439937587911101
"803","fd.27.s.2021",0.372048359978691
"804","fd.28.n.2021",0.355174101930484
"805","fd.28.s.2021",0.324804719396779
"806","fd.29.n.2021",0.353533031458736
"807","fd.29.s.2021",0.352615619448211
"808","fd.3.n.2021",0.468990215127486
"809","fd.3.s.2021",0.439439173907051
"810","fd.30.n.2021",0.371606318276752
"811","fd.30.s.2021",0.432664935493443
"812","fd.31.n.2021",0.321587019375395
"813","fd.31.s.2021",0.229171288631591
"814","fd.32.n.2021",0.434971595410374
"815","fd.32.s.2021",0.478736524184209
"816","fd.33.n.2021",0.0537456467152093
"817","fd.33.s.2021",0.0858009247402733
"818","fd.34.n.2021",0.210018194358214
"819","fd.34.s.2021",0.334532808705007
"820","fd.35.n.2021",0.254631454699957
"821","fd.35.s.2021",0.274680586829186
"822","fd.36.n.2021",0.462679884549176
"823","fd.36.s.2021",0.361917617766151
"824","fd.37.n.2021",0.131157090250997
"825","fd.37.s.2021",0.255604520011177
"826","fd.38.n.2021",0.670526801118622
"827","fd.38.s.2021",0.561164164253205
"828","fd.39.n.2021",0.192778746417749
"829","fd.39.s.2021",0.165702685385199
"830","fd.4.n.2021",0.330554897197951
"831","fd.4.s.2021",0.382871667292616
"832","fd.40.n.2021",0.219718790774876
"833","fd.40.s.2021",0.148700239240438
"834","fd.41.n.2021",0.326730028528088
"835","fd.41.s.2021",0.371965152472982
"836","fd.42.n.2021",0.0356222816765132
"837","fd.42.s.2021",0.0710051325258421
"838","fd.43.n.2021",0.328703226399217
"839","fd.43.s.2021",0.446540261217589
"840","fd.44.n.2021",0.470533025043172
"841","fd.44.s.2021",0.435270100064521
"842","fd.45.n.2021",0.224880090334916
"843","fd.45.s.2021",0.553695766072481
"844","fd.46.n.2021",0.57193491830198
"845","fd.46.s.2021",0.542848695938192
"846","fd.47.n.2021",0.607882717813069
"847","fd.47.s.2021",0.427263362843898
"848","fd.48.n.2021",0.444232130135545
"849","fd.48.s.2021",0.488497838546446
"850","fd.49.n.2021",0.216997193554318
"851","fd.49.s.2021",0.0158180872066265
"852","fd.5.n.2021",0.902328305821752
"853","fd.5.s.2021",0.762384867340634
"854","fd.50.n.2021",0.065908583252584
"855","fd.50.s.2021",0.0625714559980505
"856","fd.51.n.2021",0.151188195978181
"857","fd.51.s.2021",0.00901323380626873
"858","fd.52.n.2021",0.366396589653203
"859","fd.52.s.2021",0.564938959226188
"860","fd.53.n.2021",0.396504782688078
"861","fd.53.s.2021",0.591620818374899
"862","fd.54.n.2021",0.441547241780647
"863","fd.54.s.2021",0.419683099653848
"864","fd.55.n.2021",0.423073449653812
"865","fd.55.s.2021",0.336351927359358
"866","fd.56.n.2021",0.521462094973422
"867","fd.56.s.2021",0.41215134879936
"868","fd.57.n.2021",0.71621299001019
"869","fd.57.s.2021",0.636930866889932
"870","fd.58.n.2021",0.0401087153652828
"871","fd.58.s.2021",0.0899799244813403
"872","fd.59.n.2021",0.411538233801164
"873","fd.59.s.2021",0.434664057672054
"874","fd.6.n.2021",0.452003550755121
"875","fd.6.s.2021",0.653082237870116
"876","fd.60.n.2021",0.501794703931452
"877","fd.60.s.2021",0.416298160950231
"878","fd.61.n.2021",0.454230939298057
"879","fd.61.s.2021",0.439883511779593
"880","fd.62.n.2021",0.384897773363433
"881","fd.62.s.2021",0.335966302516379
"882","fd.63.n.2021",0.643022646546908
"883","fd.63.s.2021",0.607386154742541
"884","fd.64.n.2021",0.64154410323879
"885","fd.64.s.2021",0.637665846365948
"886","fd.7.n.2021",0.330947562423212
"887","fd.7.s.2021",0.242556581858269
"888","fd.8.n.2021",0.511518588636932
"889","fd.8.s.2021",0.416095208421714
"890","fd.9.n.2021",0.39856591155405
"891","fd.9.s.2021",0.471070853239588
"892","target...129",0
"893","fd.1.n.2022",0.53263486914055
"894","fd.1.s.2022",0.495996365279042
"895","fd.10.n.2022",0.473947682032668
"896","fd.10.s.2022",0.574714469583883
"897","fd.11.n.2022",0.463159366695388
"898","fd.11.s.2022",0.833843337723646
"899","fd.12.n.2022",0.486800053726877
"900","fd.12.s.2022",0.534988336768905
"901","fd.13.n.2022",0.324549726970955
"902","fd.13.s.2022",0.353150106464107
"903","fd.14.n.2022",0.349995707670517
"904","fd.14.s.2022",0.613053048910028
"905","fd.15.n.2022",0.628789726030804
"906","fd.15.s.2022",0.635445007093891
"907","fd.16.s.2022",0.0868307695730804
"908","fd.17.n.2022",0.207889442162346
"909","fd.17.s.2022",0.263899803588992
"910","fd.18.n.2022",0.669757732416475
"911","fd.18.s.2022",0.22064961888368
"912","fd.19.n.2022",0.402882185289866
"913","fd.19.s.2022",0.813667656643106
"914","fd.2.n.2022",0.599282989058413
"915","fd.2.s.2022",0.559165402816876
"916","fd.20.n.2022",0.833843337723646
"917","fd.20.s.2022",0.833843337723646
"918","fd.21.n.2022",0.744693981558677
"919","fd.21.s.2022",0.657875671826705
"920","fd.22.n.2022",0.570245670941104
"921","fd.22.s.2022",0.667059440141607
"922","fd.23.n.2022",0.573487586571283
"923","fd.23.s.2022",0.522499788945239
"924","fd.24.n.2022",0.283681249569112
"925","fd.24.s.2022",0.379649386703849
"926","fd.25.n.2022",0.450607213717949
"927","fd.25.s.2022",0.689207308048154
"928","fd.26.n.2022",0.833843337723646
"929","fd.26.s.2022",0.833843337723646
"930","fd.27.n.2022",0.816630821651023
"931","fd.27.s.2022",0.784681699746773
"932","fd.28.n.2022",0.776834278099141
"933","fd.28.s.2022",0.552801356866574
"934","fd.29.n.2022",0.833843337723646
"935","fd.29.s.2022",0.833843337723646
"936","fd.3.s.2022",0.639925649408348
"937","fd.30.n.2022",0.833843337723646
"938","fd.30.s.2022",0.833843337723646
"939","fd.31.n.2022",0.833843337723646
"940","fd.31.s.2022",0.804673196255837
"941","fd.32.n.2022",0.379858608512349
"942","fd.32.s.2022",0.438340202262118
"943","fd.33.n.2022",0.486603303997187
"944","fd.33.s.2022",0.435749965762779
"945","fd.34.n.2022",0.634398482535349
"946","fd.34.s.2022",0.799146903626859
"947","fd.35.n.2022",0.833843337723646
"948","fd.35.s.2022",0.578206928300429
"949","fd.36.n.2022",0.833843337723646
"950","fd.36.s.2022",0.833843337723646
"951","fd.37.n.2022",0.407246595753437
"952","fd.37.s.2022",0.470621624965784
"953","fd.38.n.2022",0.521447632498965
"954","fd.38.s.2022",0.677803337340443
"955","fd.39.n.2022",0.525764084275325
"956","fd.39.s.2022",0.721731382493731
"957","fd.4.s.2022",0.3881352830074
"958","fd.40.n.2022",0.459403049480321
"959","fd.40.s.2022",0.797164968393504
"960","fd.41.n.2022",0.439543905615994
"961","fd.41.s.2022",0.676050434759211
"962","fd.42.n.2022",0.676897173469491
"963","fd.42.s.2022",0.642253769867308
"964","fd.43.n.2022",0.54177289816378
"965","fd.43.s.2022",0.535454709747053
"966","fd.44.n.2022",0.395092502815246
"967","fd.44.s.2022",0.709685049528316
"968","fd.45.n.2022",0.682502369598755
"969","fd.45.s.2022",0.443880197815917
"970","fd.46.n.2022",0.75812292204765
"971","fd.46.s.2022",0.732018319726905
"972","fd.47.n.2022",0.569645720412803
"973","fd.47.s.2022",0.402607464321493
"974","fd.48.n.2022",0.75031723710918
"975","fd.48.s.2022",0.722479550959554
"976","fd.49.n.2022",0.618470918376431
"977","fd.49.s.2022",0.549408696619227
"978","fd.5.n.2022",0.526547551112941
"979","fd.5.s.2022",0.455191281967697
"980","fd.50.n.2022",0.671112873144666
"981","fd.50.s.2022",0.619100573467578
"982","fd.51.n.2022",0.393638930286535
"983","fd.51.s.2022",0.481662682543871
"984","fd.52.n.2022",0.385189311220333
"985","fd.52.s.2022",0.375123118858695
"986","fd.53.n.2022",0.437700818139478
"987","fd.53.s.2022",0.664749809635754
"988","fd.54.n.2022",0.572699281339307
"989","fd.54.s.2022",0.571467131507792
"990","fd.55.n.2022",0.586778867526898
"991","fd.55.s.2022",0.647157871436384
"992","fd.56.n.2022",0.544437054768663
"993","fd.56.s.2022",0.582151839181698
"994","fd.57.n.2022",0.292218253182684
"995","fd.57.s.2022",0.3485863819037
"996","fd.58.n.2022",0.833843337723646
"997","fd.58.s.2022",0.67626565906296
"998","fd.59.n.2022",0.813756957797101
"999","fd.59.s.2022",0.833843337723646
"1000","fd.6.n.2022",0.539909930551365
"1001","fd.6.s.2022",0.611158741626305
"1002","fd.60.n.2022",0.322004611115074
"1003","fd.60.s.2022",0.401101779374261
"1004","fd.61.n.2022",0.510812592448848
"1005","fd.61.s.2022",0.509085305249636
"1006","fd.62.n.2022",0.719039826858228
"1007","fd.62.s.2022",0.794835294259772
"1008","fd.63.n.2022",0.609236882106659
"1009","fd.63.s.2022",0.690168358475653
"1010","fd.64.n.2022",0.444498437350902
"1011","fd.64.s.2022",0.524273652550401
"1012","fd.7.n.2022",0.451159777966881
"1013","fd.7.s.2022",0.833843337723646
"1014","fd.8.n.2022",0.508478545482443
"1015","fd.8.s.2022",0.630239553350413
"1016","fd.9.n.2022",0.56102575004058
"1017","fd.9.s.2022",0.657253811200358
"1018","target...255",0
"1019","fd.1.n.2023",0.590569166474564
"1020","fd.1.s.2023",0.45870510712168
"1021","fd.10.n.2023",0.450311517082544
"1022","fd.10.s.2023",0.627127726121146
"1023","fd.11.n.2023",0.842615896381557
"1024","fd.11.s.2023",0.902327395682807
"1025","fd.12.n.2023",0.563211319943194
"1026","fd.12.s.2023",0.570652242574925
"1027","fd.13.n.2023",0.524196342508754
"1028","fd.13.s.2023",0.476491872593092
"1029","fd.14.n.2023",0.308788564587117
"1030","fd.14.s.2023",0.465894882871218
"1031","fd.15.n.2023",0.101995393893385
"1032","fd.15.s.2023",0.241543573075745
"1033","fd.16.n.2023",0.0300445435526798
"1034","fd.16.s.2023",0.241750717135215
"1035","fd.17.n.2023",0.406155389045797
"1036","fd.17.s.2023",0.384385776883761
"1037","fd.18.n.2023",0.476032746507892
"1038","fd.18.s.2023",0.525458879738785
"1039","fd.19.n.2023",0.592627094567969
"1040","fd.19.s.2023",0.521894246375725
"1041","fd.2.n.2023",0.655317665352175
"1042","fd.2.s.2023",0.648530737021286
"1043","fd.20.n.2023",0.302026611596521
"1044","fd.20.s.2023",0.39922440824869
"1045","fd.21.n.2023",0.697762730590646
"1046","fd.21.s.2023",0.332270823109117
"1047","fd.22.n.2023",0.254494160701182
"1048","fd.22.s.2023",0.213139634889834
"1049","fd.23.n.2023",0.592922239048932
"1050","fd.23.s.2023",0.652441698161918
"1051","fd.24.n.2023",0.279891169422722
"1052","fd.24.s.2023",0.395374099036101
"1053","fd.25.n.2023",0.155529892621507
"1054","fd.25.s.2023",0.417639111018929
"1055","fd.26.n.2023",0.442306397860883
"1056","fd.26.s.2023",0.377156711324526
"1057","fd.27.n.2023",0.388558331702791
"1058","fd.27.s.2023",0.413001302991157
"1059","fd.28.n.2023",0.735628035879908
"1060","fd.28.s.2023",0.674717884215872
"1061","fd.29.n.2023",0.504487674797968
"1062","fd.29.s.2023",0.409682935689153
"1063","fd.3.n.2023",0.804612947232186
"1064","fd.3.s.2023",0.505806676440621
"1065","fd.30.n.2023",0.555151872829949
"1066","fd.30.s.2023",0.478120701625931
"1067","fd.31.n.2023",0.522583957140162
"1068","fd.31.s.2023",0.723629465050085
"1069","fd.32.n.2023",0.395002947133176
"1070","fd.32.s.2023",0.412059289241626
"1071","fd.33.n.2023",0.440438279576047
"1072","fd.33.s.2023",0.545182277592966
"1073","fd.34.n.2023",0.462140340568667
"1074","fd.34.s.2023",0.488711883685992
"1075","fd.35.n.2023",0.33532340962848
"1076","fd.35.s.2023",0.281986660042287
"1077","fd.36.n.2023",0.443995453189144
"1078","fd.36.s.2023",0.306735706319723
"1079","fd.37.n.2023",0.441258236657883
"1080","fd.37.s.2023",0.612458792456656
"1081","fd.38.n.2023",0.760043865006109
"1082","fd.38.s.2023",0.782344520243391
"1083","fd.39.n.2023",0.0409335105149138
"1084","fd.39.s.2023",0.365897509808442
"1085","fd.4.n.2023",0.570569174338674
"1086","fd.4.s.2023",0.661374798760756
"1087","fd.40.n.2023",0.493617882692848
"1088","fd.40.s.2023",0.473233401068278
"1089","fd.41.n.2023",0.454492967640775
"1090","fd.41.s.2023",0.487509431823764
"1091","fd.42.n.2023",0.48184792000111
"1092","fd.42.s.2023",0.669278059426967
"1093","fd.43.n.2023",0.765524945995796
"1094","fd.43.s.2023",0.875661595860369
"1095","fd.44.n.2023",0.352691610274672
"1096","fd.44.s.2023",0.239777277191654
"1097","fd.45.n.2023",0.455409707468823
"1098","fd.45.s.2023",0.504901897270978
"1099","fd.46.n.2023",0.661897518637481
"1100","fd.46.s.2023",0.727660854020022
"1101","fd.47.n.2023",0.413541792364899
"1102","fd.47.s.2023",0.353258935143516
"1103","fd.48.n.2023",0.45523936108985
"1104","fd.48.s.2023",0.552432055871996
"1105","fd.49.n.2023",0.362086790591302
"1106","fd.49.s.2023",0.49722242037367
"1107","fd.5.n.2023",0.709849709861056
"1108","fd.5.s.2023",0.603890762163738
"1109","fd.50.n.2023",0.36955907320056
"1110","fd.50.s.2023",0.25262569756003
"1111","fd.51.n.2023",0.530912577969477
"1112","fd.51.s.2023",0.385170854290209
"1113","fd.52.n.2023",0.400260217766752
"1114","fd.52.s.2023",0.511857927718068
"1115","fd.53.n.2023",0.370365692809086
"1116","fd.53.s.2023",0.449559289088638
"1117","fd.54.n.2023",0.144416186380294
"1118","fd.54.s.2023",0.345096475358488
"1119","fd.55.n.2023",0.643334117788082
"1120","fd.55.s.2023",0.584035489598956
"1121","fd.56.n.2023",0.362972603965783
"1122","fd.56.s.2023",0.625868436751138
"1123","fd.57.n.2023",0.45972996488426
"1124","fd.57.s.2023",0.534474444539442
"1125","fd.58.n.2023",0.0671275428976884
"1126","fd.58.s.2023",0.141970823589072
"1127","fd.59.n.2023",0.530312739298323
"1128","fd.59.s.2023",0.477286889171087
"1129","fd.6.n.2023",0.585816243976545
"1130","fd.6.s.2023",0.612437003755024
"1131","fd.60.n.2023",0.277991096192454
"1132","fd.60.s.2023",0.447981286655206
"1133","fd.61.n.2023",0.543812972243533
"1134","fd.61.s.2023",0.325070872296703
"1135","fd.62.n.2023",0.539071470160298
"1136","fd.62.s.2023",0.360890372849489
"1137","fd.63.n.2023",0.554403993433505
"1138","fd.63.s.2023",0.440636205896149
"1139","fd.64.n.2023",0.618750500811434
"1140","fd.64.s.2023",0.690318973337735
"1141","fd.7.n.2023",0.6980132736336
"1142","fd.7.s.2023",0.420469014218849
"1143","fd.8.n.2023",0.425947087115503
"1144","fd.8.s.2023",0.68493002539896
"1145","fd.9.n.2023",0.503924499169706
"1146","fd.9.s.2023",0.420226708220367
"1147","target...384",0
"1148","rand.1.n.2021",0
"1149","rand.10.n.2021",0.114133419629965
"1150","rand.11.n.2021",0.23142352325626
"1151","rand.12.n.2021",0.243270824680313
"1152","rand.13.n.2021",0.150148114904334
"1153","rand.14.n.2021",0.243732187283507
"1154","rand.15.n.2021",0.0111476433353017
"1155","rand.16.n.2021",0.443537428085694
"1156","rand.17.n.2021",0.15287167838326
"1157","rand.18.n.2021",0.055942422995828
"1158","rand.19.n.2021",0.263040200849489
"1159","rand.2.n.2021",0.456788687049798
"1160","rand.20.n.2021",0.0773947318195881
"1161","rand.21.n.2021",0.298940008305444
"1162","rand.22.n.2021",0.176174706166533
"1163","rand.23.n.2021",0.161391446481818
"1164","rand.24.n.2021",0.214269453513167
"1165","rand.25.n.2021",0.0114783435093407
"1166","rand.26.n.2021",0.116425579045545
"1167","rand.27.n.2021",0.285723986112029
"1168","rand.28.n.2021",0.154912005568828
"1169","rand.29.n.2021",0.297746331376142
"1170","rand.3.n.2021",0.254506307046673
"1171","rand.30.n.2021",0.0110736126818521
"1172","rand.31.n.2021",0.366213679793898
"1173","rand.32.n.2021",0.321556675615523
"1174","rand.33.n.2021",0.0253315805066083
"1175","rand.34.n.2021",0.22071287621611
"1176","rand.35.n.2021",0.397593707672539
"1177","rand.36.n.2021",0.128526484827564
"1178","rand.37.n.2021",0.418906715931481
"1179","rand.38.n.2021",0.230530061417237
"1180","rand.39.n.2021",0.140276497442109
"1181","rand.4.n.2021",0.14114866022402
"1182","rand.40.n.2021",0.111052259358946
"1183","rand.41.n.2021",0.105954679685538
"1184","rand.42.n.2021",0.250958506482529
"1185","rand.43.n.2021",0.257803582036225
"1186","rand.44.n.2021",0.336803854845827
"1187","rand.45.n.2021",0.110098926796624
"1188","rand.46.n.2021",0.211321667773305
"1189","rand.47.n.2021",0.0802182782385209
"1190","rand.48.n.2021",0.212070160948507
"1191","rand.49.n.2021",0.250580699216124
"1192","rand.5.n.2021",0.477501559169164
"1193","rand.50.n.2021",0.171963014846497
"1194","rand.51.n.2021",0.213590194256823
"1195","rand.52.n.2021",0.305747125433292
"1196","rand.53.n.2021",0.469518027213884
"1197","rand.54.n.2021",0.706701431281418
"1198","rand.55.n.2021",0.126129473123316
"1199","rand.56.n.2021",0.360499299618722
"1200","rand.57.n.2021",0.363035884940162
"1201","rand.58.n.2021",0.138748004664546
"1202","rand.59.n.2021",0.270447568995296
"1203","rand.6.n.2021",0.27148085404092
"1204","rand.60.n.2021",0.112515480095848
"1205","rand.61.n.2021",0.141607750557486
"1206","rand.62.n.2021",0.145171767947753
"1207","rand.63.n.2021",0.116364492903349
"1208","rand.64.n.2021",0.294393581112663
"1209","rand.7.n.2021",0.190113561574873
"1210","rand.8.n.2021",0.127500650484416
"1211","rand.9.n.2021",0.0832387189701017
"1212","rand.1.n.2021",0
"1213","rand.1.s.2021",0.433790406563143
"1214","rand.10.n.2021",0.17612896332071
"1215","rand.10.s.2021",0.342774754111236
"1216","rand.11.n.2021",0.68295032005326
"1217","rand.11.s.2021",0.352260861327601
"1218","rand.12.n.2021",0.54778744357858
"1219","rand.12.s.2021",0.805338486223417
"1220","rand.13.n.2021",0.262256905580769
"1221","rand.13.s.2021",0.372404508773182
"1222","rand.14.n.2021",0.267978208363241
"1223","rand.14.s.2021",0.317562332630313
"1224","rand.15.n.2021",0.45670655234563
"1225","rand.15.s.2021",0.36040374899342
"1226","rand.16.n.2021",0.239427355385089
"1227","rand.16.s.2021",0.458162847167589
"1228","rand.17.n.2021",0.269192921094735
"1229","rand.17.s.2021",0.347224670743899
"1230","rand.18.n.2021",0.403398983721816
"1231","rand.18.s.2021",0.19112491902246
"1232","rand.19.n.2021",0.201090867175247
"1233","rand.19.s.2021",0.270579075261017
"1234","rand.2.n.2021",0.505679620562908
"1235","rand.2.s.2021",0.15007778008699
"1236","rand.20.n.2021",0.289216264139957
"1237","rand.20.s.2021",0.279037774064705
"1238","rand.21.n.2021",0.342407401136875
"1239","rand.21.s.2021",0.436717244682421
"1240","rand.22.n.2021",0.406391655439402
"1241","rand.22.s.2021",0.0995823169435278
"1242","rand.23.n.2021",0.468854158645994
"1243","rand.23.s.2021",0.337541981304077
"1244","rand.24.n.2021",0.295406845247059
"1245","rand.24.s.2021",0.25176502477658
"1246","rand.25.n.2021",0.311181910462661
"1247","rand.25.s.2021",0.124777744361539
"1248","rand.26.n.2021",0.369494840804833
"1249","rand.26.s.2021",0.319841628125544
"1250","rand.27.n.2021",0.471939656814229
"1251","rand.27.s.2021",0.0284245142884267
"1252","rand.28.n.2021",0.283506146941474
"1253","rand.28.s.2021",0.317970854897054
"1254","rand.29.n.2021",0.191299898850286
"1255","rand.29.s.2021",0.492565916730598
"1256","rand.3.n.2021",0.273256892965437
"1257","rand.3.s.2021",0.303815082269668
"1258","rand.30.n.2021",0.166906541115831
"1259","rand.30.s.2021",0.200435673621807
"1260","rand.31.n.2021",0.676569354593697
"1261","rand.31.s.2021",0.445856212613139
"1262","rand.32.n.2021",0.674823228374615
"1263","rand.32.s.2021",0.950524560338021
"1264","rand.33.n.2021",0.591361150367391
"1265","rand.33.s.2021",0.5948748514555
"1266","rand.34.n.2021",0.272587845125529
"1267","rand.34.s.2021",0.192631479737838
"1268","rand.35.n.2021",0.373066542739518
"1269","rand.35.s.2021",0.302408731232922
"1270","rand.36.n.2021",0.291077711675097
"1271","rand.36.s.2021",0.468451934982528
"1272","rand.37.n.2021",0.687820246011059
"1273","rand.37.s.2021",0.7539262603488
"1274","rand.38.n.2021",0.486150146656949
"1275","rand.38.s.2021",0.549402875218391
"1276","rand.39.n.2021",0
"1277","rand.39.s.2021",0.433790406563143
"1278","rand.4.n.2021",0.17612896332071
"1279","rand.4.s.2021",0.342774754111236
"1280","rand.40.n.2021",0.68295032005326
"1281","rand.40.s.2021",0.352260861327601
"1282","rand.41.n.2021",0.54778744357858
"1283","rand.41.s.2021",0.805338486223417
"1284","rand.42.n.2021",0.262256905580769
"1285","rand.42.s.2021",0.372404508773182
"1286","rand.43.n.2021",0.267978208363241
"1287","rand.43.s.2021",0.317562332630313
"1288","rand.44.n.2021",0.45670655234563
"1289","rand.44.s.2021",0.36040374899342
"1290","rand.45.n.2021",0.239427355385089
"1291","rand.45.s.2021",0.458162847167589
"1292","rand.46.n.2021",0.269192921094735
"1293","rand.46.s.2021",0.347224670743899
"1294","rand.47.n.2021",0.403398983721816
"1295","rand.47.s.2021",0.19112491902246
"1296","rand.48.n.2021",0.201090867175247
"1297","rand.48.s.2021",0.270579075261017
"1298","rand.49.n.2021",0.505679620562908
"1299","rand.49.s.2021",0.15007778008699
"1300","rand.5.n.2021",0.289216264139957
"1301","rand.5.s.2021",0.279037774064705
"1302","rand.50.n.2021",0.342407401136875
"1303","rand.50.s.2021",0.436717244682421
"1304","rand.51.n.2021",0.406391655439402
"1305","rand.51.s.2021",0.0995823169435278
"1306","rand.52.n.2021",0.468854158645994
"1307","rand.52.s.2021",0.337541981304077
"1308","rand.53.n.2021",0.295406845247059
"1309","rand.53.s.2021",0.25176502477658
"1310","rand.54.n.2021",0.311181910462661
"1311","rand.54.s.2021",0.124777744361539
"1312","rand.55.n.2021",0.369494840804833
"1313","rand.55.s.2021",0.319841628125544
"1314","rand.56.n.2021",0.471939656814229
"1315","rand.56.s.2021",0.0284245142884267
"1316","rand.57.n.2021",0.283506146941474
"1317","rand.57.s.2021",0.317970854897054
"1318","rand.58.n.2021",0.191299898850286
"1319","rand.58.s.2021",0.492565916730598
"1320","rand.59.n.2021",0.273256892965437
"1321","rand.59.s.2021",0.303815082269668
"1322","rand.6.n.2021",0.166906541115831
"1323","rand.6.s.2021",0.200435673621807
"1324","rand.60.n.2021",0.676569354593697
"1325","rand.60.s.2021",0.445856212613139
"1326","rand.61.n.2021",0.674823228374615
"1327","rand.61.s.2021",0.950524560338021
"1328","rand.62.n.2021",0.591361150367391
"1329","rand.62.s.2021",0.5948748514555
"1330","rand.63.n.2021",0.272587845125529
"1331","rand.63.s.2021",0.192631479737838
"1332","rand.64.n.2021",0.373066542739518
"1333","rand.64.s.2021",0.302408731232922
"1334","rand.7.n.2021",0.291077711675097
"1335","rand.7.s.2021",0.468451934982528
"1336","rand.8.n.2021",0.687820246011059
"1337","rand.8.s.2021",0.7539262603488
"1338","rand.9.n.2021",0.486150146656949
"1339","rand.9.s.2021",0.549402875218391
"1340","rand.1.n.2022",0.423752131407374
"1341","rand.10.n.2022",0.43348182338278
"1342","rand.11.n.2022",0.460515757401026
"1343","rand.12.n.2022",0.632673334804963
"1344","rand.13.n.2022",0.241269592213864
"1345","rand.14.n.2022",0.337277649102313
"1346","rand.15.n.2022",0.454260526064142
"1347","rand.16.n.2022",0.567944137792101
"1348","rand.17.n.2022",0.266742995732262
"1349","rand.18.n.2022",0.517583382392964
"1350","rand.19.n.2022",0.207108847525413
"1351","rand.2.n.2022",0.457823123411298
"1352","rand.21.n.2022",0.40990995977968
"1353","rand.22.n.2022",0.546624559793904
"1354","rand.23.n.2022",0.185527718025798
"1355","rand.24.n.2022",0.881281334331874
"1356","rand.25.n.2022",0.411580206261271
"1357","rand.26.n.2022",0.231390982430611
"1358","rand.27.n.2022",0.625272585758404
"1359","rand.28.n.2022",0.590509227140608
"1360","rand.29.n.2022",0.32104768570972
"1361","rand.3.n.2022",0.397749100450355
"1362","rand.30.n.2022",0.487559506723077
"1363","rand.31.n.2022",0.341183791394689
"1364","rand.32.n.2022",0.236983003792677
"1365","rand.33.n.2022",0.595417289180718
"1366","rand.34.n.2022",0.803309216912296
"1367","rand.36.n.2022",0.479654333964903
"1368","rand.37.n.2022",0.618588958196479
"1369","rand.39.n.2022",0.281521805497581
"1370","rand.4.n.2022",0.34158569014206
"1371","rand.40.n.2022",0.693107988989635
"1372","rand.41.n.2022",0.603395241278867
"1373","rand.42.n.2022",0.242123147853962
"1374","rand.43.n.2022",0.563888711924683
"1375","rand.44.n.2022",0.376510595011076
"1376","rand.45.n.2022",0.498262461813232
"1377","rand.46.n.2022",0.313914824161111
"1378","rand.47.n.2022",0.532968184366861
"1379","rand.48.n.2022",0.571879698870191
"1380","rand.49.n.2022",0.510955491798108
"1381","rand.5.n.2022",0.441800034520427
"1382","rand.50.n.2022",0.50423353338847
"1383","rand.51.n.2022",0.729476364484721
"1384","rand.52.n.2022",0.391027705807916
"1385","rand.53.n.2022",0.54019295056399
"1386","rand.54.n.2022",0.439571920577474
"1387","rand.55.n.2022",0.2749899645099
"1388","rand.56.n.2022",0.656828917333451
"1389","rand.57.n.2022",0.286112312384505
"1390","rand.58.n.2022",0.36079930152367
"1391","rand.59.n.2022",0.230454617521463
"1392","rand.6.n.2022",0.487302816463125
"1393","rand.60.n.2022",0.31884274834676
"1394","rand.61.n.2022",0.698090266948339
"1395","rand.62.n.2022",0.349056142394554
"1396","rand.63.n.2022",0.494637798114408
"1397","rand.64.n.2022",0.412882093186714
"1398","rand.7.n.2022",0.403241014877395
"1399","rand.8.n.2022",0.310463276386713
"1400","rand.9.n.2022",0.264126183593359
"1401","rand.1.s.2022",0.6099196548562
"1402","rand.10.s.2022",0.395233263435889
"1403","rand.11.s.2022",0.460515757401026
"1404","rand.12.s.2022",0.619858204295351
"1405","rand.13.s.2022",0.498350457937986
"1406","rand.14.s.2022",0.263970883040216
"1407","rand.15.s.2022",0.431142465588195
"1408","rand.16.s.2022",0.259922277223802
"1409","rand.17.s.2022",0.263173550131939
"1410","rand.18.s.2022",0.520840982179786
"1411","rand.19.s.2022",0.202872218040623
"1412","rand.2.s.2022",0.594686061506558
"1413","rand.20.s.2022",0.825644400323666
"1414","rand.21.s.2022",0.321879979804168
"1415","rand.22.s.2022",0.322596523707687
"1416","rand.23.s.2022",0.616083660607796
"1417","rand.24.s.2022",0.297733338469275
"1418","rand.25.s.2022",0.36271205390428
"1419","rand.26.s.2022",0.206569956925197
"1420","rand.27.s.2022",0.339127473386454
"1421","rand.28.s.2022",0.168787534184645
"1422","rand.29.s.2022",0.453756136496242
"1423","rand.3.s.2022",0.604112332408316
"1424","rand.31.s.2022",0.438250258290774
"1425","rand.32.s.2022",0.230822782379107
"1426","rand.33.s.2022",0.565489526057569
"1427","rand.34.s.2022",0.792926620127785
"1428","rand.35.s.2022",0.228934313280208
"1429","rand.36.s.2022",0.523347063770415
"1430","rand.37.s.2022",0.27539696326678
"1431","rand.38.s.2022",1
"1432","rand.39.s.2022",0.438858231369269
"1433","rand.4.s.2022",0.620872452378271
"1434","rand.40.s.2022",0.38193936122616
"1435","rand.41.s.2022",0.540646466357428
"1436","rand.42.s.2022",0.302301834206564
"1437","rand.43.s.2022",0.505177575116022
"1438","rand.44.s.2022",0.383402702746812
"1439","rand.45.s.2022",0.570758396954434
"1440","rand.46.s.2022",0.742517344587139
"1441","rand.47.s.2022",0.287349738807039
"1442","rand.48.s.2022",0.239392786376416
"1443","rand.49.s.2022",0.143358308010606
"1444","rand.5.s.2022",0.623320425922605
"1445","rand.50.s.2022",0.475269132173058
"1446","rand.51.s.2022",0.405058144311636
"1447","rand.52.s.2022",0.351485430234544
"1448","rand.53.s.2022",0.351200212602885
"1449","rand.54.s.2022",0.637038840573846
"1450","rand.55.s.2022",0.382356741351711
"1451","rand.56.s.2022",0.505748351108869
"1452","rand.57.s.2022",0.587616476929367
"1453","rand.58.s.2022",0.280580414215113
"1454","rand.59.s.2022",0.378819199471927
"1455","rand.6.s.2022",0.674772274295449
"1456","rand.60.s.2022",0.422068132174697
"1457","rand.61.s.2022",0.543854856287415
"1458","rand.62.s.2022",0.440828467146115
"1459","rand.63.s.2022",0.296262183990817
"1460","rand.64.s.2022",0.437862482076515
"1461","rand.7.s.2022",0.158036799042963
"1462","rand.8.s.2022",0.501954980717071
"1463","rand.9.s.2022",0.263686660568092
"1464","rand.1.n.2023",0.364660687139492
"1465","rand.10.n.2023",0.30730609931657
"1466","rand.11.n.2023",0.577310432529363
"1467","rand.12.n.2023",0.555903030460143
"1468","rand.13.n.2023",0.0616837627400483
"1469","rand.14.n.2023",0.191596256298287
"1470","rand.15.n.2023",0.409900690081728
"1471","rand.16.n.2023",0.466848927732334
"1472","rand.17.n.2023",0.215017149940992
"1473","rand.18.n.2023",0.514618557054805
"1474","rand.19.n.2023",0.163924915594308
"1475","rand.2.n.2023",0.324503993271855
"1476","rand.20.n.2023",0.304725959133305
"1477","rand.21.n.2023",0.206874504273053
"1478","rand.22.n.2023",0.210361449776532
"1479","rand.23.n.2023",0.0469247945489485
"1480","rand.24.n.2023",0.191208552162883
"1481","rand.25.n.2023",0.333871663551099
"1482","rand.26.n.2023",0.20827775699844
"1483","rand.27.n.2023",0.456908253143001
"1484","rand.28.n.2023",0.225196031947375
"1485","rand.29.n.2023",0.236817090876511
"1486","rand.3.n.2023",0.294047478157139
"1487","rand.30.n.2023",0.221922947028718
"1488","rand.31.n.2023",0.441379716660583
"1489","rand.32.n.2023",0.23763073420342
"1490","rand.33.n.2023",0.623909394693047
"1491","rand.34.n.2023",0.209913767059573
"1492","rand.35.n.2023",0.321400666167757
"1493","rand.36.n.2023",0.121349658340317
"1494","rand.37.n.2023",0.228573216425704
"1495","rand.38.n.2023",0.286141558376736
"1496","rand.39.n.2023",0.238310527848236
"1497","rand.4.n.2023",0.12148535732619
"1498","rand.40.n.2023",0.268372581821198
"1499","rand.41.n.2023",0.309548622019522
"1500","rand.42.n.2023",0.314222448038395
"1501","rand.43.n.2023",0.348559908229195
"1502","rand.44.n.2023",0.176623306656264
"1503","rand.45.n.2023",0.317930018205573
"1504","rand.46.n.2023",0.385323596403725
"1505","rand.47.n.2023",0.218019236313149
"1506","rand.48.n.2023",0.159387705818168
"1507","rand.49.n.2023",0.511758123568743
"1508","rand.5.n.2023",0.28854655928373
"1509","rand.50.n.2023",0.085485322207793
"1510","rand.51.n.2023",0.197953933143461
"1511","rand.52.n.2023",0.155382640684064
"1512","rand.53.n.2023",0.302007378719441
"1513","rand.54.n.2023",0.315532744972753
"1514","rand.55.n.2023",0.174472181799877
"1515","rand.56.n.2023",0.151300189450814
"1516","rand.57.n.2023",0.270397008192624
"1517","rand.58.n.2023",0.157315568594033
"1518","rand.59.n.2023",0.267657014453717
"1519","rand.6.n.2023",0.321963650167001
"1520","rand.60.n.2023",0.213509032109681
"1521","rand.61.n.2023",0.225538889586341
"1522","rand.62.n.2023",0.0698865806861262
"1523","rand.63.n.2023",0.179909511602899
"1524","rand.64.n.2023",0.347989160275859
"1525","rand.7.n.2023",0.336323905146098
"1526","rand.8.n.2023",0.022020742481436
"1527","rand.9.n.2023",0.159389343332915
"1528","rand.1.s.2023",0.464156541152888
"1529","rand.10.s.2023",0.218131465525924
"1530","rand.11.s.2023",0.49543845726274
"1531","rand.12.s.2023",0.567433625100631
"1532","rand.13.s.2023",0.202690430111291
"1533","rand.14.s.2023",0.182279428192089
"1534","rand.15.s.2023",0.404734851978134
"1535","rand.16.s.2023",0.365639256980075
"1536","rand.17.s.2023",0.248773266846724
"1537","rand.18.s.2023",0.336956473915688
"1538","rand.19.s.2023",0.18358417146903
"1539","rand.2.s.2023",0.311009722184451
"1540","rand.20.s.2023",0.284017829350885
"1541","rand.21.s.2023",0.0645453182759328
"1542","rand.22.s.2023",0.292326852926019
"1543","rand.23.s.2023",0.00956766995924128
"1544","rand.24.s.2023",0.165375516367843
"1545","rand.25.s.2023",0.394387177971536
"1546","rand.26.s.2023",0.167289952700464
"1547","rand.27.s.2023",0.127019997297191
"1548","rand.28.s.2023",0.210035025904023
"1549","rand.29.s.2023",0.330543321932024
"1550","rand.3.s.2023",0.457235343194056
"1551","rand.30.s.2023",0.433351023745086
"1552","rand.31.s.2023",0.39280771494288
"1553","rand.32.s.2023",0.300509407613455
"1554","rand.33.s.2023",0.632186490379458
"1555","rand.34.s.2023",0.120737467373554
"1556","rand.35.s.2023",0.527498786462582
"1557","rand.36.s.2023",0.127371937042206
"1558","rand.37.s.2023",0.074197767052639
"1559","rand.38.s.2023",0.2446173631662
"1560","rand.39.s.2023",0.233115413753388
"1561","rand.4.s.2023",0.30608255798049
"1562","rand.40.s.2023",0.402216579135903
"1563","rand.41.s.2023",0.374855251479406
"1564","rand.42.s.2023",0.267268231903993
"1565","rand.43.s.2023",0.479150468945447
"1566","rand.44.s.2023",0.065763301812454
"1567","rand.45.s.2023",0.190782250856907
"1568","rand.46.s.2023",0.403731812531359
"1569","rand.47.s.2023",0.122191647587585
"1570","rand.48.s.2023",0.157629239463523
"1571","rand.49.s.2023",0.530910861304079
"1572","rand.5.s.2023",0.263055652916797
"1573","rand.50.s.2023",0.191740852043598
"1574","rand.51.s.2023",0.340602335987335
"1575","rand.52.s.2023",0.296570533752669
"1576","rand.53.s.2023",0.410493149980076
"1577","rand.54.s.2023",0.101390278572163
"1578","rand.55.s.2023",0.259884197295317
"1579","rand.56.s.2023",0.14866812561476
"1580","rand.57.s.2023",0.456538657869182
"1581","rand.58.s.2023",0.189926354486676
"1582","rand.59.s.2023",0.0759425407044868
"1583","rand.6.s.2023",0.367622317175712
"1584","rand.60.s.2023",0.268189534483206
"1585","rand.61.s.2023",0.443346952621788
"1586","rand.62.s.2023",0.0212849623597054
"1587","rand.63.s.2023",0.0495562760691357
"1588","rand.64.s.2023",0.376271700287488
"1589","rand.7.s.2023",0.333902201896279
"1590","rand.8.s.2023",0.188326180494534
"1591","rand.9.s.2023",0.024959894895247
