"trt.b.y","distdt","distir","distfd","distr","targetdist"
"dt.1.2021",1.49756980531946,2.18225789421561,0.626205044361982,1.26564952400429,1.49756980531946
"dt.1.2022",0.637691477957215,1.769575981456,0.100911530318446,1.48412496140226,0.637691477957215
"dt.1.2023",1.36312052803058,1.64202972246332,0.649511103457019,1.70221459814228,1.36312052803058
"dt.10.2021",0.96256796250544,1.58960793865396,0.462887890693783,0.734995757688105,0.96256796250544
"dt.10.2022",1.05193145755934,1.71030913067932,0.540286376120472,1.16448243245795,1.05193145755934
"dt.10.2023",1.36681660888613,1.87674081766526,0.482588906869449,1.21594488301034,1.36681660888613
"dt.11.2021",1.13916197724276,1.35751795074573,0.559035147340675,0.612566951993236,1.13916197724276
"dt.11.2022",1.15868137280519,1.13673615586285,0.396222304346043,0.818888791913784,1.15868137280519
"dt.11.2023",1.26262348969091,1.01808904230515,0.699326490377314,1.66055402642177,1.26262348969091
"dt.12.2021",0.575788201727072,1.78059566801334,0.446909234396323,0.762213669609407,0.575788201727072
"dt.12.2022",1.12968185463229,2.48480085405257,0.447275847945416,0.700739088897768,1.12968185463229
"dt.12.2023",1.34780869616829,2.70302889192136,0.701047368760043,0.82845418872172,1.34780869616829
"dt.13.2021",1.35941376471744,1.37350440002824,0.56721876456989,1.72917768540265,1.35941376471744
"dt.13.2022",1.17036805289677,1.77885672773808,0.437953794953371,1.82728091392155,1.17036805289677
"dt.13.2023",1.61888923672527,2.05249807820474,0.594535692579778,2.00501434202969,1.61888923672527
"dt.14.2021",0.921293094946121,2.02465036402476,0.400500632065211,0.511421059424858,0.921293094946121
"dt.14.2022",0.861503489930874,1.73461102040044,0.0318161227617152,1.62204834861404,0.861503489930874
"dt.14.2023",0.981953611469745,1.91746479710795,0.126927795415649,1.17733415108041,0.981953611469745
"dt.15.2021",1.01528369218588,2.54869305227482,0.376750546734705,1.60240289773625,1.01528369218588
"dt.15.2022",1.01951205360517,1.22724589806699,0.471513079534322,2.06370979809146,1.01951205360517
"dt.15.2023",1.47463680405616,1.61793378210009,0.450298954699377,1.82495866131997,1.47463680405616
"dt.16.2021",1.14840638794661,1.5847294789114,0.529413964629412,0.860289735653238,1.14840638794661
"dt.16.2022",0.834123642669224,0.994766118625281,0.272160028649333,1.39121104146226,0.834123642669224
"dt.16.2023",1.3551822757775,1.55065664757025,0.499345078145916,1.23817613516968,1.3551822757775
"dt.17.2021",0.864138624190121,1.93588099175731,0.578808231066149,3.21348308246265,0.864138624190121
"dt.17.2022",1.05350725309636,1.7656842689597,0.337000430063268,2.47906691692459,1.05350725309636
"dt.17.2023",1.14257354768251,1.83915722200463,0.420848197879454,2.15085518799175,1.14257354768251
"dt.18.2021",1.05868193175066,1.79538785359662,0.797721919339616,1.12597427026848,1.05868193175066
"dt.18.2022",0.782829412633466,1.56055126908209,0.510519746699601,1.42056802521693,0.782829412633466
"dt.18.2023",0.539593875640865,1.72647747796484,0.19672139872266,3.01471889884495,0.539593875640865
"dt.19.2021",1.18448936147525,1.33102844021753,0.541935000319772,1.40955096917085,1.18448936147525
"dt.19.2022",1.07282510909219,1.65107481563671,0.426601148186755,1.24829019391407,1.07282510909219
"dt.19.2023",1.46995640027793,1.9679228536145,0.595744811541194,1.8696765752267,1.46995640027793
"dt.2.2021",1.70397201244708,2.29374364567206,0.621827397027195,0.642524427038693,1.70397201244708
"dt.2.2022",1.2398702400388,2.30503856081661,0.614078295309507,1.34437473919947,1.2398702400388
"dt.2.2023",1.48935555984719,1.28360715276789,0.748753163991788,2.010219514977,1.48935555984719
"dt.20.2021",1.11217677000739,1.79474334037752,0.344280083333695,1.45735283029809,1.11217677000739
"dt.20.2022",0.982205916286078,1.77164439715507,0.411750743567009,1.40665885074111,0.982205916286078
"dt.20.2023",1.53337875330027,2.18373652450771,0.604672670136313,1.7561539120061,1.53337875330027
"dt.21.2021",1.06182374005206,1.94576568682583,0.76812141344816,1.17249292172761,1.06182374005206
"dt.21.2022",0.922451605342317,1.57830019790109,0.489710014553778,0.859264763749151,0.922451605342317
"dt.21.2023",1.36346713907522,1.26062929144257,0.505179374155854,0.914756077773235,1.36346713907522
"dt.22.2021",1.45680825099231,2.02687455313475,0.780744558322519,1.55602635423818,1.45680825099231
"dt.22.2022",0.945929988472535,1.4036943836204,0.322401823762705,0.919510374096681,0.945929988472535
"dt.22.2023",0.961699051702965,1.40359759071325,0.0150169064863795,2.26277957253251,0.961699051702965
"dt.23.2021",1.185130710763,2.75140417999859,0.499479709706588,2.38060784108163,1.185130710763
"dt.23.2022",0.431363014837798,1.48828064070739,0.0701564042902539,1.86291945978296,0.431363014837798
"dt.23.2023",0.967866067720853,0.753892469782758,0.34711117779564,1.9546900228903,0.967866067720853
"dt.24.2021",0.765438683436365,1.359952160743,0.409271438921386,1.76863104007979,0.765438683436365
"dt.24.2022",0.331455747877968,1.37503052977603,0.181012894518515,2.11084747560287,0.331455747877968
"dt.24.2023",1.25539286020045,2.35553893981002,0.468251478781101,4.30628235608065,1.25539286020045
"dt.25.2021",0.847433335577454,1.56727457332073,0.327976268656494,1.47599667530748,0.847433335577454
"dt.25.2022",0.543769194070723,1.4684615144904,0.103516545849664,1.72896255918254,0.543769194070723
"dt.25.2023",1.36883252481448,1.92272790137854,0.289611241705461,1.09240442136504,1.36883252481448
"dt.26.2021",1.1591513131285,1.68903815824303,0.498137413997247,1.32922679766105,1.1591513131285
"dt.26.2022",0.58402249466365,1.27535325938273,0.119390552666909,1.21776289510679,0.58402249466365
"dt.26.2023",1.1836227112827,0.968563197545996,0.507879541266952,1.3459784280552,1.1836227112827
"dt.27.2021",0.404442586190093,1.37150157436583,0.685988618470289,1.95917900196246,0.404442586190093
"dt.27.2022",0.440245666895313,0.937060265166502,0.248589889295679,1.27269493337464,0.440245666895313
"dt.27.2023",1.40531776169015,0.623292798403518,0.637018208118779,1.63336015451227,1.40531776169015
"dt.28.2021",1.11901762911624,1.3665806504687,0.528481480610954,0.789693521690494,1.11901762911624
"dt.28.2022",0.4934120521174,1.2332831090988,0.253739604078617,1.35506314967412,0.4934120521174
"dt.28.2023",1.1197321929417,0.651338359044254,0.485326524917039,1.78566904764051,1.1197321929417
"dt.29.2021",1.18067811162966,2.30647994185298,0.731583431364571,1.68553989145139,1.18067811162966
"dt.29.2022",1.35593432485875,3.4092957442878,0.633967355115798,2.93684192976987,1.35593432485875
"dt.29.2023",1.35033611076148,2.29312070035061,0.255147125722807,1.60133817956728,1.35033611076148
"dt.3.2021",1.33172735586983,0.780396916827006,0.540902452448031,1.60259262576731,1.33172735586983
"dt.3.2022",1.11931029899804,1.92425172998977,0.370923698177541,1.35021890674662,1.11931029899804
"dt.3.2023",1.2254701429224,1.28659660240326,0.517632107697363,1.5265641551629,1.2254701429224
"dt.30.2021",1.01808549800018,1.80519164391026,0.266491959666811,1.9115967225104,1.01808549800018
"dt.30.2022",0.874601645555632,0.846183050046328,0.294391057517975,1.11446228695758,0.874601645555632
"dt.30.2023",1.27144894546822,0.708818588192674,0.478109658725503,2.10624031931909,1.27144894546822
"dt.31.2021",0.334499605855833,1.43072031719051,0.455785738787092,0.8084570201617,0.334499605855833
"dt.31.2022",0.329680837622061,1.63810934033234,0.2094355730497,1.26291590322274,0.329680837622061
"dt.31.2023",1.23727364650062,1.07934992194226,0.491273257452243,1.25618355658881,1.23727364650062
"dt.32.2021",1.27112468522616,2.47993400583015,0.615332057193203,1.24446091070626,1.27112468522616
"dt.32.2022",1.11214906896119,2.03741525453284,0.43569939041984,1.41365419128909,1.11214906896119
"dt.32.2023",1.41112171609853,2.19850164134995,0.482919686238576,1.14230322218384,1.41112171609853
"dt.33.2021",0.941612307074274,1.23776358556126,0.215955175082974,1.65302515077678,0.941612307074274
"dt.33.2022",0.980818857486042,1.19120022482627,0.384457623408113,0.990933798428205,0.980818857486042
"dt.33.2023",0.890934951880852,0.983195567837144,0.236688976952602,2.1903737310361,0.890934951880852
"dt.34.2021",1.07539949360825,1.09587356700002,0.569096639681443,1.72448458181308,1.07539949360825
"dt.34.2022",1.03345896054192,1.19509872163667,0.392554647667853,1.53992868311668,1.03345896054192
"dt.34.2023",1.49714730401101,0.966351961269775,0.471498739950754,2.27427895338249,1.49714730401101
"dt.35.2021",1.14954977401227,0.700796646510152,0.481494914789805,2.08092528623496,1.14954977401227
"dt.35.2022",1.12833799470527,0.661165061001796,0.548031438265976,1.73997583957509,1.12833799470527
"dt.35.2023",1.19394231340401,0.974519891598914,0.180537298160076,2.06067782818509,1.19394231340401
"dt.36.2021",1.05572813063049,2.19028593022335,0.830481192616988,0.777259131346199,1.05572813063049
"dt.36.2022",1.01316405352977,0.989317829142144,0.473185393344615,1.07976530128233,1.01316405352977
"dt.36.2023",1.48635270179228,0.762259895705147,0.556597875631169,1.82686460409974,1.48635270179228
"dt.37.2021",1.16339883722148,2.03572026374439,0.791210548737527,0.796526136528627,1.16339883722148
"dt.37.2022",0.983424794991,1.02137446992231,0.506055196665207,1.684117186721,0.983424794991
"dt.37.2023",1.45407024620902,0.728328586797678,0.599814539875328,2.06342414037918,1.45407024620902
"dt.38.2021",1.12366410251666,1.92579974318912,0.725871413174224,1.24821396224036,1.12366410251666
"dt.38.2022",1.09503575548203,1.13836015360769,0.482318917485399,1.21130007134127,1.09503575548203
"dt.38.2023",1.42030965523199,0.66406465587394,0.585822178625589,2.4404039887738,1.42030965523199
"dt.39.2021",1.26285807206385,1.85765365318023,0.769435819148203,1.90234237047627,1.26285807206385
"dt.39.2022",0.93235117070977,1.59995664648622,0.48514427584677,1.32761914377713,0.93235117070977
"dt.39.2023",1.37825424685418,1.11692773597032,0.598312575613615,1.90006319866715,1.37825424685418
"dt.4.2021",1.11644827057497,1.6403906743831,0.662821912540886,0.793011701616231,1.11644827057497
"dt.4.2022",1.15889396404598,1.77551639114853,0.5274135525588,1.30779383576653,1.15889396404598
"dt.4.2023",1.32729461396158,2.26451739349649,0.652997359910867,0.706576577291793,1.32729461396158
"dt.40.2021",1.16989026379109,1.83132905497183,0.682315439040938,0.92140394433145,1.16989026379109
"dt.40.2022",1.1971291583063,2.94770968442752,0.491822635322323,1.41177021316154,1.1971291583063
"dt.40.2023",0.835181199182196,0.924392054738491,0.160878003528411,1.42130595299243,0.835181199182196
"dt.41.2021",1.12104198263451,1.85925173908712,0.481378770916969,0.730910051049555,1.12104198263451
"dt.41.2022",1.13311893883497,3.06651755568802,0.349998404840992,1.39109483573601,1.13311893883497
"dt.41.2023",1.53346309200808,0.755506900347719,0.58335337167058,2.27503533647311,1.53346309200808
"dt.42.2021",1.39188139078924,1.67726144334974,0.535533290695153,1.33277593493426,1.39188139078924
"dt.42.2022",0.703170525865295,2.14732522091711,0.165557101434926,1.39549044764873,0.703170525865295
"dt.42.2023",1.46671572714472,1.45339943022317,0.503184386358763,1.69671075864163,1.46671572714472
"dt.43.2021",1.26461496735207,1.07408076544864,0.443282947847612,1.76459182960196,1.26461496735207
"dt.43.2022",1.26250964654392,3.17505042568271,0.529544737027369,2.06313954858257,1.26250964654392
"dt.43.2023",1.55121056123952,0.553385804778892,0.657042385805722,2.59303251548944,1.55121056123952
"dt.44.2021",1.23856480887986,2.35140443804335,0.655047431858918,1.03708685411171,1.23856480887986
"dt.44.2022",1.14649617580557,2.50820532749062,0.515210765191624,1.02842885567393,1.14649617580557
"dt.44.2023",1.31338544326277,1.33431779666665,0.52294893413166,1.26810538664089,1.31338544326277
"dt.45.2021",1.24092968846898,1.11195916234019,0.582347007278823,1.3854232925364,1.24092968846898
"dt.45.2022",1.14704846177986,1.63230093032018,0.389748945185836,1.47589717042237,1.14704846177986
"dt.45.2023",1.42311246258656,0.829984551594002,0.516506529678565,1.97038239051013,1.42311246258656
"dt.46.2021",1.12496071844323,0.92746898785273,0.718492419294621,1.52652735907947,1.12496071844323
"dt.46.2022",0.900791911111055,0.762506725251246,0.610172178559712,1.95227450051615,0.900791911111055
"dt.46.2023",1.21762679056023,0.843149784600505,0.580988440953758,1.7597866852269,1.21762679056023
"dt.47.2021",1.10240177666263,1.97981874433512,0.821876283166936,1.64525607664219,1.10240177666263
"dt.47.2022",0.921967283258328,2.18634680419148,0.570767388841471,0.722159960124602,0.921967283258328
"dt.47.2023",1.44181189085093,1.1506555039277,0.643520383837507,1.95992967102887,1.44181189085093
"dt.48.2021",0.98018806984969,1.46093198489923,0.6237444960528,1.50286354869773,0.98018806984969
"dt.48.2022",1.28246705690077,1.94922700617746,0.617846733498879,1.73594393582975,1.28246705690077
"dt.48.2023",1.55039634290078,0.757818304081453,0.729220723645177,2.97698311676141,1.55039634290078
"dt.49.2021",1.04651465584437,0.835988396968156,0.783928722971248,2.08299407251931,1.04651465584437
"dt.49.2022",1.0093130153213,1.01964230198024,0.574074416355176,2.45265222989981,1.0093130153213
"dt.49.2023",1.60211010512387,0.632174013876873,0.75743466092041,2.53033918988909,1.60211010512387
"dt.5.2021",1.32631770612127,1.83348015819899,0.702518147548037,2.10541954011013,1.32631770612127
"dt.5.2022",0.883693984105736,1.60977324521297,0.369218968791927,1.53863663559069,0.883693984105736
"dt.5.2023",1.23807042780782,1.68051156252427,0.319947801408559,1.37010284009778,1.23807042780782
"dt.51.2021",1.19018633547409,2.09008107911154,0.651766602342096,0.918319583879185,1.19018633547409
"dt.51.2022",0.361287409178804,1.03455059696865,0.228948547322537,2.19742722843663,0.361287409178804
"dt.51.2023",1.37151767657474,0.700464124393252,0.515759603061439,2.9074833043778,1.37151767657474
"dt.52.2021",1.24074645130048,1.31402266900214,0.000718464974102329,0.86528234961509,1.24074645130048
"dt.52.2022",1.82406974695136,2.18058451461338,0.348513849794998,2.09496931798151,1.82406974695136
"dt.52.2023",1.55725295874578,0.579060315839889,0.668983442030532,2.47871884504926,1.55725295874578
"dt.53.2021",1.19506812786022,1.35315590599692,0.53392371874081,1.95990396642807,1.19506812786022
"dt.53.2022",0.938006691662904,1.16047256453164,0.223085036543805,1.87840126980335,0.938006691662904
"dt.53.2023",0.82948716694087,1.00376453954545,0.131153089869149,2.13739745386995,0.82948716694087
"dt.6.2021",1.27093852455999,1.80019639716102,0.433780697699221,1.03540166644195,1.27093852455999
"dt.6.2022",0.356269728295106,1.41771792066908,0.193448763138005,0.678553171340472,0.356269728295106
"dt.6.2023",0.987517344682902,1.82592241200258,0.326779893176554,0.569353675090479,0.987517344682902
"dt.7.2022",1.15693303666085,2.35501452752881,0.762835578728118,1.06391027177338,1.15693303666085
"dt.7.2023",1.4311479794302,2.16584004485445,0.528048307033177,0.912538641119765,1.4311479794302
"dt.8.2021",1.06174528395789,1.35929773548031,0.68735180087393,1.38130079561373,1.06174528395789
"dt.8.2022",0.673325626138696,1.67215445669029,0.397683642652477,0.811536740145513,0.673325626138696
"dt.8.2023",1.43889505740585,1.46204719014034,0.485006593630204,1.71048186835458,1.43889505740585
"dt.9.2021",1.33951148683821,2.0843434488364,0.655960634497817,1.23517114691722,1.33951148683821
"dt.9.2022",0.906850963204071,1.50848742143976,0.401338393638135,1.33371113100257,0.906850963204071
"dt.9.2023",1.55548335946056,2.07254707906593,0.660241259791159,2.40221716797318,1.55548335946056
"fd.1.2021",1.85650129202183,2.64800439671806,0.708494601849032,1.67016122197484,0.708494601849032
"fd.1.2022",0.900024106508162,2.03773110882246,0.225375561946918,1.43671377160618,0.225375561946918
"fd.1.2023",1.25388031205796,2.01678007208709,0.506662499318141,1.76277961359211,0.506662499318141
"fd.10.2021",0.721899627462138,1.33234561734516,0.6369533935508,1.29395819367387,0.6369533935508
"fd.10.2022",0.393544950288717,1.49510948633235,0.313229956260704,1.17177465790733,0.313229956260704
"fd.10.2023",1.33846992287629,1.67423004563607,0.518513990337838,1.25783463510759,0.518513990337838
"fd.11.2021",0.887275213447829,1.73827046680229,0.694606168038091,1.1227644334469,0.694606168038091
"fd.11.2022",0.939558356715718,1.38070657278464,0.498167866236334,1.44957203385727,0.498167866236334
"fd.11.2023",1.38513388042572,2.16599901115913,0.543554718878229,1.23635960438544,0.543554718878229
"fd.13.2021",1.47682477375931,1.61073959631796,0.550083622923927,1.46217587756774,0.550083622923927
"fd.13.2022",1.15006767839826,1.70716168493108,0.160153990850263,1.20170794006512,0.160153990850263
"fd.13.2023",1.7046700089359,2.31678867885071,0.787807459000796,2.66845324187027,0.787807459000796
"fd.14.2021",0.752938787946615,1.11122831234325,0.339862526404949,1.48098286804696,0.339862526404949
"fd.14.2022",0.684554812047469,0.957321818403596,0.48632566377494,2.53875857054567,0.48632566377494
"fd.14.2023",1.20167655711932,1.53527313177603,0.787807459000796,1.7539095855217,0.787807459000796
"fd.15.2021",1.41348703239154,1.96558479587379,0.815265509614259,1.91357176259916,0.815265509614259
"fd.15.2022",1.47782311463995,1.55434256818223,0.366516678929929,1.34457186378218,0.366516678929929
"fd.15.2023",1.379637327242,1.56980309119947,0.335833388312055,1.30028073788614,0.335833388312055
"fd.16.2021",1.12275682067137,1.4784990553641,0.665832109780108,0.987949853430469,0.665832109780108
"fd.16.2022",0.958553818734239,0.973590240190063,0.490052273204213,1.02283114338807,0.490052273204213
"fd.16.2023",1.48582554441466,1.19764362649119,0.590857522041131,1.25246757260079,0.590857522041131
"fd.17.2021",1.58559192546113,2.10308165587371,0.552727967545042,2.05829704740935,0.552727967545042
"fd.17.2022",1.44738565091145,2.23859142166428,0.331522529548848,1.68094003496239,0.331522529548848
"fd.17.2023",1.57901876072387,2.07230751577379,0.353515321139507,1.31331519252532,0.353515321139507
"fd.18.2021",1.06636438679314,0.892627027793446,0.721717332414928,0.902771888213375,0.721717332414928
"fd.18.2022",0.980324114938297,1.41903166505153,0.488892282193717,0.460478100743069,0.488892282193717
"fd.18.2023",1.40679233127868,1.93104567518382,0.548659844273499,0.580831190334968,0.548659844273499
"fd.19.2021",1.16886177001242,1.96911811454318,0.682041786811578,1.41938846690609,0.682041786811578
"fd.19.2022",0.997019527793111,1.7678095655859,0.502637942787001,1.20760641517578,0.502637942787001
"fd.19.2023",1.43624414495615,1.47463913155667,0.534452653270498,1.8697773875093,0.534452653270498
"fd.2.2021",1.19266103126537,1.91756682633207,0.69252321363515,0.835054614744971,0.69252321363515
"fd.2.2022",1.00383413025789,2.08544114252149,0.546375723412653,0.622876625313964,0.546375723412653
"fd.2.2023",1.42050975644591,1.13043892960478,0.650790888755718,1.31350305087498,0.650790888755718
"fd.20.2021",1.0859093498562,1.364878662757,0.658888170039325,0.36894838114445,0.658888170039325
"fd.20.2022",1.03086480084246,1.26273046406508,0.53549778020877,0.434344348808499,0.53549778020877
"fd.20.2023",1.32403169557964,1.97437839679626,0.535902672243678,0.641647567945313,0.535902672243678
"fd.21.2021",1.37570386733051,2.84425342145016,0.701869247125353,0.710183685982218,0.701869247125353
"fd.21.2022",0.74910850804332,1.56838727978331,0.362910530309964,1.41349525014514,0.362910530309964
"fd.21.2023",1.37681726444218,1.24525353432929,0.500322595222297,2.1009857094366,0.500322595222297
"fd.22.2021",0.633078954798558,1.3767843817182,0.446434610142021,1.53114196733681,0.446434610142021
"fd.22.2022",0.663245396133507,1.53784510675299,0.0716899868972236,2.02659876131496,0.0716899868972236
"fd.22.2023",1.46072472350543,1.91381750528017,0.192641537070391,1.30515446292408,0.192641537070391
"fd.23.2021",1.61750802424428,1.45781452694583,0.0487104128644231,1.344969156605,0.0487104128644231
"fd.23.2022",0.95229409107431,1.53428792369831,0.306515700096565,0.724441329430257,0.306515700096565
"fd.23.2023",1.10941470082997,2.01323647525365,0.134050497177322,3.19441638316581,0.134050497177322
"fd.24.2021",0.569640111758343,1.03939727742616,0.314120845125916,3.62568343712209,0.314120845125916
"fd.24.2022",0.29102994513377,1.07116666362224,0.13160240324676,3.54149727738877,0.13160240324676
"fd.24.2023",0.640877947211595,1.84667372905482,0.17490895546053,4.71134803590129,0.17490895546053
"fd.25.2021",0.987734038085053,0.768317387890273,0.802241342255522,2.12278323385171,0.802241342255522
"fd.25.2022",0.728944744773141,0.752461101352467,0.379682261784823,2.10503265139842,0.379682261784823
"fd.25.2023",1.59329046625152,0.712432838714855,0.491997063142886,2.15969998470363,0.491997063142886
"fd.26.2021",1.30214280829725,1.89710645921969,0.741665702019996,1.86640253435362,0.741665702019996
"fd.26.2022",1.14558572611009,1.62955894284882,0.0986321095402427,2.62784269432252,0.0986321095402427
"fd.26.2023",0.664805566723624,1.03129392385618,0.339543807727728,3.32031616075475,0.339543807727728
"fd.27.2021",1.34290865136928,2.15645958252293,0.787254425285312,1.33575694140048,0.787254425285312
"fd.27.2022",0.550118801854462,1.81160134204115,0.207697289285348,1.98253892459064,0.207697289285348
"fd.27.2023",1.02156155020954,0.69985947986187,0.400277659110467,2.61033431854364,0.400277659110467
"fd.28.2021",1.39990700790645,1.54097157462929,0.16162449799853,1.44840286696892,0.16162449799853
"fd.28.2022",1.41855483892649,1.69141659755549,0.326119679568694,1.70420226057091,0.326119679568694
"fd.28.2023",0.976600593625244,0.68111210248685,0.200486164139452,2.1655641850396,0.200486164139452
"fd.29.2021",0.805386859368915,1.399147993803,0.218320305007655,2.40588595716579,0.218320305007655
"fd.29.2022",0.884924699138829,0.719207866615559,0.460340939776993,2.34280335516993,0.460340939776993
"fd.29.2023",1.59094674638372,0.786244303242717,0.726818196555805,2.71819733461934,0.726818196555805
"fd.3.2021",1.0425907131245,1.07003361184996,0.696361515494938,0.785545187710381,0.696361515494938
"fd.3.2022",1.10872881255353,2.23829505504059,0.650764459448245,1.19328040440524,0.650764459448245
"fd.3.2023",1.33433645070428,1.40324487196614,0.468875231091547,0.750294030464016,0.468875231091547
"fd.30.2021",0.796767743468224,1.77191861133248,0.369334569020173,2.19289929752355,0.369334569020173
"fd.30.2022",1.04733778235701,2.18600063858815,0.477563300369281,0.619668606386415,0.477563300369281
"fd.30.2023",1.48935790168103,0.838969669770667,0.545728731424879,1.41210937560687,0.545728731424879
"fd.31.2021",1.35652786278517,1.61948426159053,0.55774159487204,0.736953015825731,0.55774159487204
"fd.31.2022",0.912259044091267,1.93029025528617,0.40024842194634,1.50586350990147,0.40024842194634
"fd.31.2023",0.636048098047671,1.80810958087823,0.0880908392660082,1.92087204896954,0.0880908392660082
"fd.32.2021",1.81884265969524,2.11660492403842,0.522556991829459,1.66580347823198,0.522556991829459
"fd.32.2022",1.29482260094937,1.62155095910697,0.365947364112326,1.37264319327035,0.365947364112326
"fd.32.2023",0.549918639959114,1.68705084527254,0.148729400075381,2.70699957534692,0.148729400075381
"fd.33.2021",1.6369222876507,2.72946080376003,0.58756919597207,2.1393975694796,0.58756919597207
"fd.33.2022",1.28200505739258,2.57987830960456,0.370632948974637,1.75544264948624,0.370632948974637
"fd.33.2023",1.76450996840903,1.77166806208529,0.0025029152065118,1.32005445229149,0.0025029152065118
"fd.34.2021",1.39006835575518,2.50097038719768,0.577387382047657,2.41509772648305,0.577387382047657
"fd.34.2022",1.14901588898608,1.68625964032464,0.336956753069999,1.67780486477263,0.336956753069999
"fd.34.2023",1.06770102437775,0.935400653782372,0.275808587436929,1.89828596188425,0.275808587436929
"fd.35.2021",0.760790149068361,1.21094644706961,0.347348568371829,1.56519474579013,0.347348568371829
"fd.35.2022",1.27013403538923,1.98907358136204,0.36760564935129,1.2268344738587,0.36760564935129
"fd.35.2023",0.678435915688764,1.52324227330001,0.0358283570923467,2.10867403068826,0.0358283570923467
"fd.37.2021",1.23917316646839,0.800470899849921,0.583634479146411,1.8348513803231,0.583634479146411
"fd.37.2022",1.14062486509404,0.754852986993122,0.562884159287028,1.67269579916849,0.562884159287028
"fd.37.2023",1.51744304846458,0.592350665314845,0.609660387065427,2.54500737767151,0.609660387065427
"fd.38.2021",1.4403504856248,1.89599598182046,0.732961493747528,1.34230415481372,0.732961493747528
"fd.38.2022",1.2810951125616,1.75030961879393,0.511380875987068,1.0159545027587,0.511380875987068
"fd.38.2023",1.49021485767847,0.793453800113213,0.535942714542026,1.50311718735346,0.535942714542026
"fd.39.2021",1.0624342562508,2.02027335341101,0.784309229145145,1.34794612056518,0.784309229145145
"fd.39.2022",0.96523239600183,1.0328232833044,0.481250426451634,1.28550343595536,0.481250426451634
"fd.39.2023",1.44466440861763,0.861452879063627,0.525368826868553,2.18068281741125,0.525368826868553
"fd.4.2021",1.16908656203135,1.66353899565718,0.601025133465225,1.34393380283018,0.601025133465225
"fd.4.2022",1.07220936173447,1.82603533079684,0.406580234937765,1.20137589415077,0.406580234937765
"fd.4.2023",1.36626363232297,1.59154270118816,0.464727182132368,1.63822418713158,0.464727182132368
"fd.40.2021",1.17834294491241,2.30044271092061,0.485013934211538,0.887191008015737,0.485013934211538
"fd.40.2022",0.667322721060664,2.4468238504382,0.388141109792608,1.98659513124014,0.388141109792608
"fd.40.2023",0.922497434766023,0.940052103728457,0.261989963504649,2.33393766923252,0.261989963504649
"fd.41.2021",1.2327091127743,1.91262479190861,0.531156634684243,0.584817003131502,0.531156634684243
"fd.41.2022",1.339535892461,2.00791843494136,0.374638483744986,1.20518603039013,0.374638483744986
"fd.41.2023",1.08901901691461,1.45916682919832,0.460798913182848,1.25171670134848,0.460798913182848
"fd.42.2021",0.892891063517506,1.54321046027045,0.321455765826663,1.39638368829571,0.321455765826663
"fd.42.2022",1.05863771784264,1.65988972515834,0.0212538175563178,2.4927506980726,0.0212538175563178
"fd.42.2023",1.20243578907414,1.96577297136845,0.170185033009735,1.62697067946246,0.170185033009735
"fd.43.2021",0.918977374079053,1.96975115577068,0.6844818419389,1.25010429215939,0.6844818419389
"fd.43.2022",1.09399173024382,1.16450477176508,0.608398310918937,1.62358412135583,0.608398310918937
"fd.43.2023",1.48970849956106,0.857158419179764,0.719129800201813,1.82432288909883,0.719129800201813
"fd.44.2021",1.27169134345701,1.3620513319944,0.706047350395261,1.40287119516678,0.706047350395261
"fd.44.2022",1.14360512957738,0.978676374734256,0.637451700249885,1.37682559062131,0.637451700249885
"fd.44.2023",1.45405016992745,1.05181128889666,0.655232747634531,2.25255672871274,0.655232747634531
"fd.45.2021",0.786343443113173,1.40735436334141,0.324125687062652,1.20339880672414,0.324125687062652
"fd.45.2022",1.12753090150365,0.571857546498044,0.66459580812846,1.36514744738828,0.66459580812846
"fd.45.2023",1.42615327968514,1.60499871936982,0.499402712292219,2.10535692588129,0.499402712292219
"fd.46.2021",0.961909701284913,1.29925551739507,0.688112462869047,1.49003431413872,0.688112462869047
"fd.46.2022",0.699288792276115,0.858837746392771,0.508600391858923,1.34604777806513,0.508600391858923
"fd.46.2023",1.50880421076546,1.3448602971725,0.641126336324412,1.92542112010464,0.641126336324412
"fd.47.2021",0.798920047905705,1.3932139134341,0.769293622588224,1.29561503925731,0.769293622588224
"fd.47.2022",1.06888491281311,1.51064065131851,0.633673147800161,1.13046597647938,0.633673147800161
"fd.47.2023",1.44959847984704,0.713535427531389,0.65758925788832,2.02837481608164,0.65758925788832
"fd.48.2021",1.21294284929238,1.41624096584118,0.69303234217596,1.43050256775274,0.69303234217596
"fd.48.2022",0.961352395888571,0.793672467950085,0.624812790514359,2.38596147633311,0.624812790514359
"fd.48.2023",1.56933040587722,0.619300347850936,0.741694837054364,3.05013404909533,0.741694837054364
"fd.49.2021",0.983451546385772,1.47605040191893,0.692227174289735,1.27931986898726,0.692227174289735
"fd.49.2022",1.01158737771591,1.34761799057715,0.488295699854105,1.37852909719875,0.488295699854105
"fd.49.2023",0.94337359640543,1.87690374054721,0.430016313422484,1.12718078064907,0.430016313422484
"fd.5.2021",1.03569717814021,1.8416276924512,0.732797842122198,1.35416911997104,0.732797842122198
"fd.5.2022",1.0496694718762,1.91415119328684,0.427795088773786,1.47507627442139,0.427795088773786
"fd.5.2023",1.34450205873003,2.31053098247244,0.610952736614519,1.53533280850126,0.610952736614519
"fd.51.2021",1.38432773512189,2.24611045920832,0.579789273715923,1.77832274224716,0.579789273715923
"fd.51.2022",0.995878078374012,1.63827463389683,0.187339308604968,1.37590791900851,0.187339308604968
"fd.51.2023",1.04810418374647,0.931914765553426,0.339274861822118,1.40916711940977,0.339274861822118
"fd.52.2021",0.814433295825637,1.12692317766448,0.268345430933079,1.4286128663328,0.268345430933079
"fd.52.2022",0.986603155553571,0.741509068386357,0.416482552342152,1.36319056016369,0.416482552342152
"fd.52.2023",1.00725614946381,0.800296986157343,0.360905476448776,1.50358446351027,0.360905476448776
"fd.53.2021",2.06905286485095,1.86270559357047,0.071128032436201,1.29961625042276,0.071128032436201
"fd.53.2022",1.03717258692465,0.976042559816977,0.000348728246106544,1.53513018406235,0.000348728246106544
"fd.53.2023",1.59484760969273,0.642121235975639,0.629771503502012,1.676315239514,0.629771503502012
"fd.6.2021",1.66481229061939,2.35876098670242,0.633381109019533,2.12154391911517,0.633381109019533
"fd.6.2022",0.844114991614493,1.79099182226285,0.253980755373488,1.09314882217779,0.253980755373488
"fd.6.2023",1.58048387998729,2.03459813933011,0.487523126279834,1.85507073146032,0.487523126279834
"fd.7.2021",1.40138814352435,1.78949639335279,0.468594289407237,1.370119511097,0.468594289407237
"fd.7.2022",0.529078411360143,1.34151304882317,0.230737657835807,1.23712969337238,0.230737657835807
"fd.7.2023",1.49262497209917,1.42903735267802,0.385558192548695,1.73707652183092,0.385558192548695
"fd.8.2021",0.756979981658073,1.39023543612875,0.719071064407103,1.00448265476451,0.719071064407103
"fd.8.2022",1.02282307074309,1.56313084460465,0.48258495453745,1.63442598265618,0.48258495453745
"fd.8.2023",1.38969677604886,0.920187917301222,0.521023490678365,2.51519758900846,0.521023490678365
"fd.9.2021",1.11976542781745,1.83794750911563,0.383792149605683,1.64670166202405,0.383792149605683
"fd.9.2022",0.759301261008916,0.703454624028308,0.41972713909308,2.60673576460471,0.41972713909308
"fd.9.2023",1.51120302533222,1.51694065009548,0.533360711441291,2.02293706495095,0.533360711441291
"ir.1.2021",0.470663852915552,1.45783262265939,0.358846566488721,2.27548759923581,1.45783262265939
"ir.1.2022",0.752346252533829,1.49819239870985,1.07854096733639e-05,1.78433776574858,1.49819239870985
"ir.1.2023",1.49837951358214,0.916376865974694,0.756109270978635,1.47219518537665,0.916376865974694
"ir.10.2021",0.562883044083945,0.970913992116486,0.608560377756127,1.79711493463332,0.970913992116486
"ir.10.2022",0.632053392945258,1.5726460805287,0.363501113530694,1.39576591178623,1.5726460805287
"ir.10.2023",1.34415030469108,1.61135306322007,0.55326309057116,1.39996036805582,1.61135306322007
"ir.11.2021",0.269851873013935,1.29601261937419,0.475554131217461,1.75379624335895,1.29601261937419
"ir.11.2022",0.150724835971154,1.06824101929705,0.265159800282287,1.72113713360374,1.06824101929705
"ir.11.2023",1.50018173843829,2.35938305563511,0.36936881972485,1.73984515021579,2.35938305563511
"ir.12.2021",1.17767938547244,1.04479071041501,0.722907912486294,1.41544057283456,1.04479071041501
"ir.12.2022",1.11857223091555,1.39447130327812,0.435474991260643,1.13367179943861,1.39447130327812
"ir.12.2023",1.29389048989942,2.22334712924804,0.609856585826215,1.0308834492386,2.22334712924804
"ir.13.2021",0.780431716163262,1.46458863749398,0.200595654652175,0.536343487941783,1.46458863749398
"ir.13.2022",1.00277803067666,1.61187256418771,0.300381452866127,0.823469323168004,1.61187256418771
"ir.13.2023",1.00536582480964,2.01932056419238,0.119134130820203,0.6797934855095,2.01932056419238
"ir.14.2021",1.3271793686971,1.94699117469348,0.358949579557356,0.896514588241956,1.94699117469348
"ir.14.2022",0.294508512038364,1.16337827991339,0.230979932570567,1.58365309359987,1.16337827991339
"ir.14.2023",0.570885194401604,1.52502151195261,0.331455271134351,1.43314944309852,1.52502151195261
"ir.15.2021",0.953071473928079,1.47749978391075,0.299615843837996,1.54216086218332,1.47749978391075
"ir.15.2022",0.585651484176558,0.71402772316169,0.379010181702291,2.20775369139565,0.71402772316169
"ir.15.2023",0.934093642000185,1.86852428837539,0.286890225653022,1.7137585597262,1.86852428837539
"ir.16.2021",0.936016025806303,1.83050275030953,0.656094721975608,1.42055585940097,1.83050275030953
"ir.16.2022",1.18590131779367,2.21459493480156,0.515332330632204,1.29907803418101,2.21459493480156
"ir.16.2023",1.42401799180231,1.8715810191861,0.49556967330209,1.77009823649801,1.8715810191861
"ir.17.2021",0.63533778013236,1.1996862533423,0.320966530009952,1.96681236577835,1.1996862533423
"ir.17.2022",0.713903170459375,1.45219426916686,0.336782544568539,1.16090132581968,1.45219426916686
"ir.17.2023",0.772372569663096,1.52995881211089,0.168652156674843,1.67514982097774,1.52995881211089
"ir.18.2021",1.11726487918538,1.6693805766816,0.443423293884186,1.85760859558015,1.6693805766816
"ir.18.2022",0.501916365028108,1.24023892650056,0.3771754215607,1.70403457566067,1.24023892650056
"ir.18.2023",1.32476565255978,1.8461884270976,0.50730733174812,0.977058212683685,1.8461884270976
"ir.19.2021",0.965054824136321,1.16034984392555,0.6451243145015,1.5684594275012,1.16034984392555
"ir.19.2022",0.945500651093953,1.54531477436098,0.452674618874189,1.19110237460082,1.54531477436098
"ir.19.2023",1.47012526421875,1.84141433488896,0.55900589907806,1.425962302357,1.84141433488896
"ir.20.2021",1.12839696358044,1.00344737794762,0.543642726595858,1.5124540586111,1.00344737794762
"ir.20.2022",1.30219430081968,1.78552473317917,0.36460373745157,1.1504040707722,1.78552473317917
"ir.20.2023",1.8820251421839,2.50141372335251,0.428719709066557,1.47794976097962,2.50141372335251
"ir.21.2021",1.14672076669759,1.1257711350561,0.647621999095455,1.32359186074898,1.1257711350561
"ir.21.2022",0.995607540539367,1.35650959831671,0.47819265752424,1.47584270797503,1.35650959831671
"ir.21.2023",1.38131841349779,1.67290901676948,0.486260300111108,1.34849684394211,1.67290901676948
"ir.22.2021",1.15088611859369,1.52290903530284,0.822397151898353,1.0855992411929,1.52290903530284
"ir.22.2022",0.454016400541922,1.37199386057605,0.263580878141182,1.10984919826793,1.37199386057605
"ir.22.2023",0.596983633492449,1.35974973017645,0.107344601091644,2.01427030492016,1.35974973017645
"ir.23.2021",0.667975711518609,1.71277404308468,0.403508173602503,0.764051231676072,1.71277404308468
"ir.23.2022",0.309135515090041,1.72124669337415,0.219417623733769,0.521684850601457,1.72124669337415
"ir.23.2023",1.51148438640669,2.15814572090195,0.465768039502964,1.65335204799939,2.15814572090195
"ir.24.2021",0.276952801541906,1.3314152151582,0.404005829746496,1.32318766481356,1.3314152151582
"ir.24.2022",0.620770400402178,1.40230553950402,0.0229263243511956,1.25079013172693,1.40230553950402
"ir.24.2023",0.506634837011645,1.16019038261119,0.185917215954411,1.94041496383618,1.16019038261119
"ir.25.2021",1.27516409382407,1.50292706862971,0.64920333040349,1.20054028091477,1.50292706862971
"ir.25.2022",1.16367587701321,1.08715794692344,0.491541375377925,1.6997553773099,1.08715794692344
"ir.25.2023",0.64125878493005,1.79870199432983,0.106576625565208,1.84054473858158,1.79870199432983
"ir.26.2021",0.95148304568488,1.66298018287532,0.12773639753527,0.539929801611115,1.66298018287532
"ir.26.2022",0.999889839195681,2.26528697952224,0.616194184529758,1.60443426813748,2.26528697952224
"ir.26.2023",1.23645220304193,1.17408694425595,0.528681697662544,1.63770862767255,1.17408694425595
"ir.27.2021",0.898051847648735,0.79440484724714,0.482281286735611,1.6411409194387,0.79440484724714
"ir.27.2022",0.943795796367963,0.853215196579803,0.552622041187394,2.30250411619878,0.853215196579803
"ir.27.2023",1.49384082497955,0.59121105992831,0.705057263253866,2.3182956781776,0.59121105992831
"ir.28.2021",1.22492683633145,0.734060362316595,0.463661013112107,1.95122805262562,0.734060362316595
"ir.28.2022",1.10857751978778,0.925712423645732,0.302018921148763,1.73829134579351,0.925712423645732
"ir.28.2023",1.51363505058746,0.702642150989461,0.51888565360108,2.105205328988,0.702642150989461
"ir.29.2021",0.525692471266515,1.2299040244345,0.320015496093692,2.47143522409842,1.2299040244345
"ir.29.2022",0.655524693490309,0.87942582498692,0.420297070665568,2.78290398441192,0.87942582498692
"ir.29.2023",0.744801743330416,1.03090977489693,7.74097486549996e-05,2.34974960890894,1.03090977489693
"ir.3.2021",1.19998200095468,1.52323039401836,0.480634938649709,0.831010276911607,1.52323039401836
"ir.3.2022",1.05441760517064,1.95694990779079,0.581589186629276,0.541145453146341,1.95694990779079
"ir.3.2023",1.39520100686178,0.821838567809091,0.641814153331852,1.75108242666803,0.821838567809091
"ir.30.2021",0.480177159882859,1.05873900975298,0.363489366916946,2.84053098434034,1.05873900975298
"ir.30.2022",0.687962966111447,1.1350531177557,0.327913322375859,0.923034576558759,1.1350531177557
"ir.30.2023",0.974143251162711,0.9465972349495,0.310405107334461,2.24540128283721,0.9465972349495
"ir.31.2021",1.08129182026271,1.64734337553326,0.70426745745436,1.37139195882581,1.64734337553326
"ir.31.2022",0.717312095217544,1.14062992045893,0.277524478749812,1.16179083619303,1.14062992045893
"ir.31.2023",1.42277617317212,0.708490183295755,0.627664959966469,3.28115550938159,0.708490183295755
"ir.32.2021",1.14705185297787,1.57057819117491,0.719251044149576,0.393351758809261,1.57057819117491
"ir.32.2022",1.05531395646357,1.30417153737798,0.460338898255537,1.2757457003805,1.30417153737798
"ir.32.2023",1.15757634048178,1.95371793845992,0.286058986632224,0.634852320715906,1.95371793845992
"ir.33.2021",1.1684452778487,1.72112870030821,0.383094786743336,1.0668049030386,1.72112870030821
"ir.33.2022",0.464964254718887,1.43670149397555,0.237362292102205,1.25460448249657,1.43670149397555
"ir.33.2023",0.790936669875756,0.872604167895253,0.232313160205069,2.62922024174241,0.872604167895253
"ir.34.2021",0.860216870079797,0.975105020406197,0.738848533476008,1.98794905414739,0.975105020406197
"ir.34.2022",1.19201466980934,1.70941458083632,0.470872851594707,1.81710655661372,1.70941458083632
"ir.34.2023",1.38999993010486,0.980845806789461,0.654341025493475,2.12696280486588,0.980845806789461
"ir.35.2021",0.872966423331582,1.23610245169553,0.587461113575249,2.53702953476056,1.23610245169553
"ir.35.2022",1.10429760893089,1.01148930826585,0.535108509167441,1.59547034202381,1.01148930826585
"ir.35.2023",0.668547377009091,1.2277624704271,0.125240298065426,3.31200898331901,1.2277624704271
"ir.36.2021",0.854358078256865,1.43911837555313,0.661715018589087,1.16572633986232,1.43911837555313
"ir.36.2022",0.975024944483673,0.79569186994786,0.576279674988457,2.75430396493572,0.79569186994786
"ir.36.2023",1.51850874318432,0.829392563727024,0.535784224966862,1.28984464875445,0.829392563727024
"ir.37.2021",1.05362076612242,0.925725731697888,0.630494213630899,1.04412245178121,0.925725731697888
"ir.37.2022",0.992470247012614,0.81086082859865,0.503763286402611,1.8485415564777,0.81086082859865
"ir.37.2023",1.49965990834682,0.705398399790209,0.662256402384973,1.60303090591579,0.705398399790209
"ir.38.2021",1.04793030992421,0.878135982392959,0.605160696706082,1.01068759512532,0.878135982392959
"ir.38.2022",0.875993050221688,1.68575098743548,0.503954511868395,2.63916259887419,1.68575098743548
"ir.38.2023",1.25964795757519,1.60045400654732,0.505266298490602,0.986576189598919,1.60045400654732
"ir.39.2021",1.22475184848558,1.87925919719647,0.808329252214334,1.02146180815793,1.87925919719647
"ir.39.2022",0.96796639385611,1.84978972101185,0.570735997288149,0.977113524579381,1.84978972101185
"ir.39.2023",1.39725767212041,0.99122238715019,0.565609975503461,1.43197323617368,0.99122238715019
"ir.4.2021",0.836530879119892,1.29191713248586,0.81756897248042,1.90654098702928,1.29191713248586
"ir.4.2022",0.965873042266692,1.53304356774453,0.604025003635116,1.53570954575858,1.53304356774453
"ir.4.2023",1.31734492695085,2.36627370269612,0.668005439836589,1.1507736620345,2.36627370269612
"ir.40.2021",1.12807136635272,1.52787765811617,0.730139963910673,0.741444010753003,1.52787765811617
"ir.40.2022",0.991274352157629,1.68165300404539,0.581738474835684,1.24915855787247,1.68165300404539
"ir.40.2023",1.55989875134334,1.67139992582893,0.651692496986694,0.888224839853054,1.67139992582893
"ir.41.2021",1.10400709655978,1.59275514593439,0.627062508947551,1.28468738625969,1.59275514593439
"ir.41.2022",1.04549095304599,1.62561398255062,0.583601252425225,2.03834185891619,1.62561398255062
"ir.41.2023",1.40387629003469,1.32545574114965,0.571337852430467,1.50018871477541,1.32545574114965
"ir.42.2021",0.894343671752007,1.16731578604242,0.496893673155474,0.965224905697261,1.16731578604242
"ir.42.2022",1.04509329862285,2.10154699010709,0.427614624604438,1.52387482651143,2.10154699010709
"ir.42.2023",0.854083347684414,1.7343021458668,0.121083114402009,1.63558121811676,1.7343021458668
"ir.43.2021",0.799089512139615,1.23092522806749,0.347352565844981,1.69326429223042,1.23092522806749
"ir.43.2022",0.667231386296321,1.3249507361906,0.37738633714046,1.50407460478306,1.3249507361906
"ir.43.2023",1.54013267440042,1.96050485737406,0.55922748047962,1.21437831608761,1.96050485737406
"ir.44.2021",0.691232005048236,1.27326156361138,0.581574714794694,1.07020121543349,1.27326156361138
"ir.44.2022",0.939541445477918,1.28426651512583,0.560969163406737,2.32468716560714,1.28426651512583
"ir.44.2023",1.41982360166248,1.12328117964773,0.647074172448447,1.33246926876372,1.12328117964773
"ir.45.2021",0.771055960426841,1.17095011165857,0.699385671999198,1.10330900116525,1.17095011165857
"ir.45.2022",0.942748201244377,1.0433975595858,0.568670239025229,1.20448516831828,1.0433975595858
"ir.45.2023",1.47769405467896,2.31348985915803,0.434176276126449,1.29749783151679,2.31348985915803
"ir.46.2021",0.974329754282113,0.735433554808799,0.731996737029124,1.22742013748585,0.735433554808799
"ir.46.2022",1.1145949146975,0.620744766967653,0.711035816180814,1.45944734800002,0.620744766967653
"ir.46.2023",1.54842393629685,1.57983509808265,0.581983100398426,1.02814205489683,1.57983509808265
"ir.47.2021",1.08941422301024,1.31159223221946,0.608241991112735,1.30188484815462,1.31159223221946
"ir.47.2023",1.4854131872855,0.685078317163468,0.687474760630729,2.02246358463121,0.685078317163468
"ir.48.2021",1.17404770985687,1.78072249754513,0.762264712520893,1.16441658052362,1.78072249754513
"ir.48.2022",1.06973265911719,1.5806497860142,0.522196765373546,0.812938205625716,1.5806497860142
"ir.48.2023",1.5136076919259,0.718547920954655,0.649134422716331,1.69203518994103,0.718547920954655
"ir.49.2021",1.18110447267732,0.880466253889022,0.761773666074547,2.06152621062034,0.880466253889022
"ir.49.2022",1.09757621182062,0.937396030960074,0.487058284796066,1.55527426896954,0.937396030960074
"ir.49.2023",1.48627059342671,0.734765202114438,0.564186027397869,1.83096054739776,0.734765202114438
"ir.5.2021",0.872236091341789,1.25015126005545,0.782139716298368,1.53815610461864,1.25015126005545
"ir.5.2022",0.928643301104252,1.75250924852813,0.555397159701641,1.26775766074502,1.75250924852813
"ir.5.2023",1.37930175324097,1.82404993702277,0.524966723239873,1.09829071408056,1.82404993702277
"ir.51.2021",0.698686923922187,1.27943067592811,0.344743831147884,1.09362394298704,1.27943067592811
"ir.51.2022",0.794688206435133,1.56617795671858,0.249074293665102,0.913933260309041,1.56617795671858
"ir.51.2023",1.41097512521627,2.18767968476015,0.0322161106546817,2.36100124529227,2.18767968476015
"ir.52.2021",0.928174718349745,0.660941099189803,0.678588506670758,1.53182286605007,0.660941099189803
"ir.52.2022",1.75163594139612,2.57408983939727,0.556585995338391,2.11181282933026,2.57408983939727
"ir.52.2023",1.52553591075819,0.920871108495092,0.689447777272492,1.78786244730623,0.920871108495092
"ir.6.2021",1.18221649140393,0.967132903265569,0.742214100671103,1.50104978053596,0.967132903265569
"ir.6.2022",1.00613357473277,1.33437207190216,0.475132255879466,1.34645593034115,1.33437207190216
"ir.6.2023",1.41451389549445,1.75201099208614,0.473244974147496,1.52125789411588,1.75201099208614
"ir.7.2021",1.1546902024479,1.21581371627271,0.640117234136255,1.63275079263051,1.21581371627271
"ir.7.2022",0.994367134957984,0.949218694388175,0.584391842743404,1.5041861316191,0.949218694388175
"ir.7.2023",1.27834213077284,1.64093589329338,0.450439008470641,1.11755571089241,1.64093589329338
"ir.8.2021",1.08452001276385,0.81691245925382,0.586099466502301,2.27963248032173,0.81691245925382
"ir.8.2022",1.15647090596556,0.789986513041845,0.605769120495605,1.84742958908943,0.789986513041845
"ir.8.2023",0.764851645044905,1.25273136008259,0.150174293975011,1.79924318977985,1.25273136008259
"ir.9.2021",1.02173058609338,0.599104682825435,0.799892857022745,1.65217680905389,0.599104682825435
"ir.9.2022",0.802500428521981,0.696925418988018,0.540858778458162,1.67892523719882,0.696925418988018
"ir.9.2023",1.45452221206399,0.834615876953158,0.503153415284495,1.34356639214937,0.834615876953158
"rand.1.2021",0.734419976443877,1.07625423816533,0.519051182261063,1.27208850206558,1.27208850206558
"rand.1.2022",0.919619691901267,2.3539960700015,0.342562893594838,1.15878134554971,1.15878134554971
"rand.1.2023",1.26159563100633,0.991847979098645,0.642130117270572,1.65885121174975,1.65885121174975
"rand.10.2021",1.07726098524373,2.00739537809354,0.746529536894945,1.32224960645672,1.32224960645672
"rand.10.2022",0.741686891285773,1.36681027986815,0.368483166226873,1.91599629881765,1.91599629881765
"rand.10.2023",1.29742005432062,1.88211476486438,0.518993027789497,1.86243954905159,1.86243954905159
"rand.11.2021",1.1503258868619,1.64024436740548,0.690171874100644,0.590032765084795,0.590032765084795
"rand.11.2022",1.03527874331823,0.756440710902805,0.497067569847843,1.2564138469674,1.2564138469674
"rand.11.2023",1.44566833525892,1.8674631440999,0.460618129918215,0.613316056239219,0.613316056239219
"rand.12.2021",1.39850490676299,2.60104990078913,0.621391478766136,2.33569134960843,2.33569134960843
"rand.12.2022",1.25551861565819,2.76413880605125,0.471607789485413,2.31259180121044,2.31259180121044
"rand.12.2023",1.4741722329894,2.95235290972831,0.439795889257883,2.04356423611173,2.04356423611173
"rand.13.2021",0.876230528330285,1.60384352330786,0.193344171608685,2.41273802754852,2.41273802754852
"rand.13.2022",1.2573643376067,2.10054267795778,0.359359149904949,1.57018635727451,1.57018635727451
"rand.13.2023",1.65496070860048,2.99462376992571,0.442443966739239,2.19538504486053,2.19538504486053
"rand.14.2021",1.13430004434724,2.24237721346858,0.246281126932516,3.28856923668562,3.28856923668562
"rand.14.2022",0.804305238666693,1.55994541785432,0.325637444225571,1.54939827167179,1.54939827167179
"rand.14.2023",1.26360427897539,1.48270498839103,0.00169585883844903,2.47167282052637,2.47167282052637
"rand.15.2021",1.5405142564482,1.85940877248459,0.482678335778727,1.04175341414753,1.04175341414753
"rand.15.2022",1.2889680256447,1.81515175528495,0.335376781453646,1.00499403414159,1.00499403414159
"rand.15.2023",1.40193944390477,1.33517387576838,0.35860373639502,0.871888063208024,0.871888063208024
"rand.16.2021",0.893223905013273,1.60782595788971,0.390563098394435,1.19991546730822,1.19991546730822
"rand.16.2022",1.14642040611879,1.47321331672764,0.297874681219731,1.15534671834118,1.15534671834118
"rand.16.2023",0.500406043120325,1.35589842975168,0.140560630584645,2.57134555272635,2.57134555272635
"rand.17.2021",0.759216924485295,1.75243708564743,0.688956142756669,1.331820860842,1.331820860842
"rand.17.2022",0.961011736321185,1.85977355958845,0.428385363756722,1.48310788088024,1.48310788088024
"rand.17.2023",0.726054369379464,1.81503223387329,0.363837231403338,1.62965441811567,1.62965441811567
"rand.18.2021",1.26613590667994,0.704448689289574,0.606795909133234,1.15135324074122,1.15135324074122
"rand.18.2022",1.08783524623794,1.83831669906389,0.213167639321069,3.04413705359437,3.04413705359437
"rand.18.2023",1.2976633908604,1.75236200045879,0.460959043426168,0.704828226850691,0.704828226850691
"rand.19.2021",1.32208652620841,1.5448584744734,0.596534747770839,1.23640972489888,1.23640972489888
"rand.19.2022",1.00800821238144,1.13565508295477,0.494004885137558,1.0760162685949,1.0760162685949
"rand.19.2023",1.42847672353764,1.51508430909948,0.500200652545839,1.32398715048343,1.32398715048343
"rand.2.2021",1.36048847359345,2.40614619961882,0.548906800863131,1.69693579427525,1.69693579427525
"rand.2.2022",1.22599464973225,3.02584028978633,0.523056216437522,2.06623636397951,2.06623636397951
"rand.2.2023",1.18259577508564,2.52632392098976,0.511662478233901,1.44171814653452,1.44171814653452
"rand.20.2021",1.34809767112411,2.01681820500262,0.494828087624112,1.39459352534682,1.39459352534682
"rand.20.2022",0.981211591346077,1.32304284900456,0.442188996898156,1.60340558267189,1.60340558267189
"rand.20.2023",1.49468807174891,1.54573913951429,0.463216163478885,2.09209648932164,2.09209648932164
"rand.21.2021",0.720744691070228,1.88294760052724,0.567792930810878,1.51989238292408,1.51989238292408
"rand.21.2022",0.74865295811429,1.76043643423372,0.459080001754354,1.44619876773788,1.44619876773788
"rand.21.2023",1.35287286711378,1.52918242948085,0.460326178516421,1.62662988629409,1.62662988629409
"rand.22.2021",1.24612793102165,1.75223164248869,0.631221399272413,0.712707250094119,0.712707250094119
"rand.22.2022",0.846488968914115,1.82894594607778,0.268387254391788,0.766233640235965,0.766233640235965
"rand.22.2023",0.862848155252355,1.82098071059087,0.0352973009973616,1.63853167736033,1.63853167736033
"rand.23.2021",1.2835729960352,1.41584159625243,0.0425336587684143,1.03705725633152,1.03705725633152
"rand.23.2022",0.596949236396194,1.69761961386169,0.295790712439677,1.28905534728063,1.28905534728063
"rand.23.2023",1.34346751810343,2.3689986982864,0.498931712765342,3.51004771489929,3.51004771489929
"rand.24.2021",0.991582231780187,1.95285186807615,0.24341025054871,1.11108214641688,1.11108214641688
"rand.24.2022",0.86003921924343,2.36797577960187,0.256554361583481,1.08467549534768,1.08467549534768
"rand.24.2023",1.49500984001212,2.38185151566341,0.410866244550847,0.923293966630013,0.923293966630013
"rand.25.2021",2.45560886129459,2.48717076790513,0.21818353325328,1.07905986627928,1.07905986627928
"rand.25.2022",0.892002465667011,2.36794049165565,0.394721038435469,1.21996523812957,1.21996523812957
"rand.25.2023",1.43778621283209,3.09133014722057,0.555428326071246,1.19181378940695,1.19181378940695
"rand.26.2021",1.56853904654429,2.22876519071998,0.674164247610138,1.50555064794522,1.50555064794522
"rand.26.2022",1.43211333353525,2.60809204149848,0.487086446957073,1.12677775039923,1.12677775039923
"rand.26.2023",1.42259821308171,1.02935950929693,0.56644938938264,2.24529558915785,2.24529558915785
"rand.27.2021",0.665561215407141,0.961721287205018,0.321915955833111,2.47512241550393,2.47512241550393
"rand.27.2022",0.789097664625622,1.90217873606757,0.319157049280728,1.58699318097457,1.58699318097457
"rand.27.2023",0.700074317471285,1.05223860167469,0.225930913683905,2.780278196461,2.780278196461
"rand.28.2021",1.43673934257508,1.69607946451982,0.229180138068504,0.969057538599707,0.969057538599707
"rand.28.2022",0.70309710526907,0.659028125353949,0.209695864343735,1.43731147042815,1.43731147042815
"rand.28.2023",1.16662448276291,0.61044888093701,0.429832014211245,1.94587978558898,1.94587978558898
"rand.29.2022",1.15693303666085,2.35501452752881,0.762835578728118,1.0515036971009,1.0515036971009
"rand.3.2021",1.3115499160641,1.68341800627122,0.596144347210119,0.88914985394368,0.88914985394368
"rand.3.2022",1.22477608624426,2.40129415245566,0.470710131997458,1.43168418783304,1.43168418783304
"rand.3.2023",1.42085780281877,1.46289822504205,0.592313562961165,1.16432833585613,1.16432833585613
"rand.30.2021",0.899219108985537,1.75240042249017,0.212833830175121,0.57068650279571,0.57068650279571
"rand.30.2022",1.18118692290039,2.03362730724141,0.416143727536138,1.39767379348957,1.39767379348957
"rand.30.2023",1.60124258114046,1.33808490945469,0.419077856766848,1.35149208719837,1.35149208719837
"rand.31.2021",1.1684789028983,2.09903225409659,0.905378593705668,1.03319596266024,1.03319596266024
"rand.31.2022",0.949894877669581,1.60696690929498,0.539649110608745,1.13120815510481,1.13120815510481
"rand.31.2023",1.18944445351213,0.794508368416469,0.420154089663553,1.75214380142449,1.75214380142449
"rand.32.2021",1.43190644205883,1.81179776641271,0.672361010705462,1.06791124160468,1.06791124160468
"rand.32.2022",0.986236705017491,0.812769488004466,0.397166935790694,1.98880359742175,1.98880359742175
"rand.32.2023",1.47924863828998,1.02032228263294,0.48412460183042,1.8347372287375,1.8347372287375
"rand.33.2021",1.25326354459665,1.9134879422707,0.7717467329628,0.879436688322501,0.879436688322501
"rand.33.2022",0.829401463016206,2.03300381534407,0.355683304898162,1.13459003427255,1.13459003427255
"rand.33.2023",0.689136474088947,1.72052841030311,0.133531779976407,2.84046746871709,2.84046746871709
"rand.34.2021",1.60188902060504,1.86755797833558,0.601430497554587,2.00192262744471,2.00192262744471
"rand.34.2022",0.954887231895517,0.906890030996382,0.369924032936453,2.00061339666057,2.00061339666057
"rand.34.2023",1.08250213839844,0.806931427884949,0.372204344369937,1.65697175925292,1.65697175925292
"rand.35.2021",0.447740114544095,0.962187819291141,0.561557977296501,1.2569980241786,1.2569980241786
"rand.35.2022",0.757294352774072,0.82660673405445,0.457170100837319,1.95682845808181,1.95682845808181
"rand.35.2023",1.01612228168127,0.702091097876299,0.367804493430319,1.7144699041895,1.7144699041895
"rand.36.2021",1.39524313506287,2.20478801683406,0.5859122935882,1.2305174007612,1.2305174007612
"rand.36.2022",1.11909861073124,0.889562902800128,0.488464112866646,1.51237696720271,1.51237696720271
"rand.36.2023",1.47261881051616,0.635255555807075,0.66687709279682,3.11768015037003,3.11768015037003
"rand.37.2021",0.997359045129228,1.31133523003667,0.736265685375614,0.993464252045765,0.993464252045765
"rand.37.2022",1.12119007596423,0.617854396630096,0.616856459017818,2.12910179654254,2.12910179654254
"rand.37.2023",1.48150302163225,0.752635841913206,0.636506547535556,2.03402745496199,2.03402745496199
"rand.38.2021",1.03368234777913,1.78903905758757,0.589397222521712,1.90431302437074,1.90431302437074
"rand.38.2022",1.18411121527428,2.12704704270827,0.471615045081992,1.13139432773722,1.13139432773722
"rand.38.2023",1.32293565433317,0.930318963709496,0.525169807148505,3.29619531773124,3.29619531773124
"rand.39.2021",1.08679808927607,1.97509830928149,0.780390214463445,0.730590233219574,0.730590233219574
"rand.39.2022",1.08920914215572,0.83051419241714,0.53189002415675,1.89873745922706,1.89873745922706
"rand.39.2023",1.40853651032711,0.678518885872423,0.56244645747584,2.71484877178401,2.71484877178401
"rand.4.2021",1.17393016210475,2.21072535890267,0.939496271824276,1.44706247525339,1.44706247525339
"rand.4.2022",0.995894454701464,1.97137198284848,0.596001083626164,0.504402658005761,0.504402658005761
"rand.4.2023",1.34680856717002,1.35179182325485,0.584065964706577,1.69021068138336,1.69021068138336
"rand.40.2021",1.36917636445731,1.27788895666117,0.499636546414439,1.29198535358646,1.29198535358646
"rand.40.2022",1.37019287171208,0.996237636130969,0.106372455986401,1.46473394332094,1.46473394332094
"rand.40.2023",1.55997705620483,0.599785936987153,0.641826936785668,2.45663935470292,2.45663935470292
"rand.41.2021",1.35952837861423,1.78956720755386,0.785314412796996,2.38646357155444,2.38646357155444
"rand.41.2022",1.07719877908835,1.89966531524967,0.402462303087793,1.49124542125424,1.49124542125424
"rand.41.2023",1.11308714853533,1.4042080000687,0.0187120130453031,1.51393245837154,1.51393245837154
"rand.42.2021",1.38890330525765,2.20567012636627,0.288777852174959,1.60423376266482,1.60423376266482
"rand.42.2022",2.54780802799063,4.10535455497942,0.0613937157065981,3.70021817397821,3.70021817397821
"rand.42.2023",0.316383331957111,1.87104392056297,0.0731919539023554,3.36033744356689,3.36033744356689
"rand.43.2021",1.08808405931355,1.80691156394555,0.31406340114851,0.764973380141492,0.764973380141492
"rand.43.2022",0.941150577402458,1.43055352776823,0.193594724018701,0.602420225770535,0.602420225770535
"rand.43.2023",1.06648368225232,1.64016350715089,0.270867789509078,0.963670961651559,0.963670961651559
"rand.44.2021",1.42885056954416,2.17958863215916,0.596713952994978,1.64162696163618,1.64162696163618
"rand.44.2022",0.715838128406498,1.27440273758284,0.409518961829365,1.32194051666116,1.32194051666116
"rand.44.2023",1.46988159090072,2.1267864104953,0.479031713469865,2.35357492919993,2.35357492919993
"rand.45.2021",1.0373924673696,1.65399638753329,0.622458160129479,0.775423444725272,0.775423444725272
"rand.45.2022",0.23465731263282,1.51136113051131,0.200570124738978,0.76280185334093,0.76280185334093
"rand.45.2023",1.55847531291135,2.515318658728,0.417031748193351,0.676296619733206,0.676296619733206
"rand.46.2021",0.703752468861296,1.77865633643997,0.394457851246852,1.47600834685162,1.47600834685162
"rand.46.2022",1.08324572639644,1.13045769265476,0.647421456310395,1.71684798903964,1.71684798903964
"rand.46.2023",1.22284164991624,1.38807071201669,0.429831112705023,1.01623346664937,1.01623346664937
"rand.47.2021",1.12832221172783,1.93569200001399,0.772731349458039,1.71734964515868,1.71734964515868
"rand.47.2022",1.06157728157072,0.986896302644807,0.507205452300848,2.04292015812718,2.04292015812718
"rand.47.2023",1.55196892803983,0.612936007882684,0.703395452136129,2.54918580784906,2.54918580784906
"rand.48.2021",0.703174575478451,1.2792041440817,0.778044089767545,1.2100984332131,1.2100984332131
"rand.48.2022",1.07039732911177,1.41754963412866,0.587061113387466,1.7558429424386,1.7558429424386
"rand.48.2023",1.44520843916069,0.64654159292233,0.683052947202051,1.77452806860311,1.77452806860311
"rand.49.2021",1.30187469024968,0.616994781144882,0.762267291631158,2.67385680728898,2.67385680728898
"rand.49.2022",1.18944974557307,0.940278613277503,0.711107109851484,3.21906398246597,3.21906398246597
"rand.49.2023",1.54949511781017,0.731634751006583,0.734550389306266,3.22990249219108,3.22990249219108
"rand.5.2021",1.42831886579238,1.90056762786633,0.77988424049573,2.40316935910276,2.40316935910276
"rand.5.2022",0.559462477517184,1.27912436795408,0.200204730416105,2.5877669180913,2.5877669180913
"rand.5.2023",1.39773153806798,1.99066737937391,0.537258726365178,1.86457922551928,1.86457922551928
"rand.50.2021",1.22216968749671,2.1743225732107,0.921337763457562,0.874632133794033,0.874632133794033
"rand.50.2022",1.0351281372731,1.61179212525573,0.52395247661036,0.676607470612231,0.676607470612231
"rand.50.2023",1.37477691641064,1.3096441019656,0.498205816722584,1.15068184379744,1.15068184379744
"rand.51.2021",1.14700906559244,1.6209619653382,0.610490412352404,0.819408742436714,0.819408742436714
"rand.51.2022",0.743935460601983,1.04956443974756,0.39171185303099,1.14471912659895,1.14471912659895
"rand.51.2023",1.38768054455012,0.884830198373751,0.576330430017301,1.20753817703031,1.20753817703031
"rand.52.2021",1.78767074895854,2.00996679587524,0.533730844323659,1.69241054857833,1.69241054857833
"rand.52.2022",0.474728704983188,1.06487175948483,0.140482612589887,1.94448042087884,1.94448042087884
"rand.52.2023",1.43093870649513,0.776355197293443,0.557983569441371,1.58266358742994,1.58266358742994
"rand.53.2021",0.705208971895774,0.867885365037908,0.544400110151229,1.38293189547508,1.38293189547508
"rand.53.2022",0.774257965983328,0.6242302018408,0.237778953944146,1.36600513232633,1.36600513232633
"rand.53.2023",1.21562314547617,0.603643228440289,0.511490818054575,1.54012340712398,1.54012340712398
"rand.6.2021",1.77736775763655,2.36665242701702,0.696809293050303,2.17605623149695,2.17605623149695
"rand.6.2022",0.902486545243526,1.64336000613551,0.462676759133429,2.12768585460297,2.12768585460297
"rand.6.2023",1.3421145457103,2.36515184375594,0.669987048032514,1.90100401856168,1.90100401856168
"rand.7.2021",1.39043599732383,1.87117879440624,0.511944772769978,1.17982770628128,1.17982770628128
"rand.7.2022",0.983824084705136,1.75735622930339,0.513288314727267,1.96752539562593,1.96752539562593
"rand.7.2023",1.41218907329893,2.2728176070972,0.618196117328764,2.37514242964393,2.37514242964393
"rand.8.2022",1.10567312941853,2.24674516550645,0.720452736678074,1.23770366370241,1.23770366370241
"rand.8.2023",1.7046700089359,2.31678867885071,0.787807459000796,1.28231777690724,1.28231777690724
"rand.9.2021",1.12978481527185,1.49134031621129,0.656280829166408,1.38887059777445,1.38887059777445
"rand.9.2022",0.855732443428533,1.15221093034433,0.402650039200662,1.6849891855676,1.6849891855676
"rand.9.2023",1.43854253963829,1.91386513163805,0.51631065316064,1.33981764908567,1.33981764908567
