"block","trt","leafn","lma","seedmass","srl","rootdiam","rmf","full","year","water"
1,"dt",1.33915465494591,0.0446178908984979,0.0129733610237873,0.0748352065883252,0.0408962640012613,1.39962092458618,3.72442323201596,"2021","1.25"
1,"fd",0.237881247803272,0.247608273546213,0.115629795881675,0.927847679572337,0.239628611475323,0.196072599361833,2.78164958599081,"2021","1.25"
1,"ir",0.753105805680727,0.378241347436691,3.3019493423743,0.822361103831744,0.801594930096021,0.329321307185996,6.78749143504982,"2021","1.25"
1,"rand",0.947561946461673,0.478672383723533,1.55151574798394,0.556772000791418,0.42608531949628,0.189007376078877,4.95206183335925,"2021","1.25"
10,"dt",0.848544715878846,0.462797174053626,1.51402249183774,0.931038871165161,0.76247957402179,0.330306150205948,5.59551250657487,"2021","1.25"
10,"fd",0.715859923580291,0.476281671214849,0.767406129980866,0.368354835644714,0.2333426552193,0.128812495593877,3.60128172217022,"2021","1.25"
10,"ir",0.464968844374019,0.279131912281916,1.69719327348908,0.486001747642174,0.466009942512324,0.124884971322934,3.92657435758883,"2021","1.25"
10,"rand",0.326559417490993,0.220659961879138,0.167002343910484,0.298053732901037,0.104660041574961,0.271321068033448,2.34589156900052,"2021","1.25"
11,"dt",0.779111888655355,2.25295914903775,0.0939576618515998,0.348514596640248,0.0247272708678498,0.058802384891119,4.49397420120032,"2021","1.25"
11,"fd",0.444206893170439,0.492682532496157,0.143023007533977,0.341193027574472,0.36300245359826,0.162074408916478,2.94076636558439,"2021","1.25"
11,"ir",1.08614336148016,0.736880826804252,2.07747012353636,0.750417528029769,0.640467970990754,0.159018320050876,5.45039813089217,"2021","1.25"
11,"rand",0.843589390726988,0.289400549111546,0.20002543441572,0.535268383296926,0.0929214013926868,0.107395800584885,2.9915691112865,"2021","1.25"
12,"dt",1.57395120310534,0.449503556009551,1.65560135324546,0.580249118484559,0.419579032254956,0.386983373582356,5.77857651270359,"2021","1.25"
12,"ir",1.05115373761536,0.699601145508204,0.0215985522627006,0.49603992477901,0.287277616988604,0.060848429069907,2.61651940622379,"2021","1.25"
12,"rand",1.5957826894174,0.254711482680671,0.00819419100771023,1.30444494467116,0.204502323054264,0.411935580172141,3.77957121100335,"2021","1.25"
13,"dt",1.14214933269074,0.360548377642086,0.0496847867686394,1.02782861118907,0.25305823112842,0.599011870179051,4.40021627020069,"2021","1.25"
13,"fd",1.40937804886797,0.486285369400213,0.111609948839976,0.98110820567961,0.364767566934422,0.248408327502254,4.59652987861041,"2021","1.25"
13,"ir",1.9972786353834,0.532680239610301,2.73362352977728,1.15961806014242,0.871884507867552,0.668590155808252,8.60053787368725,"2021","1.25"
13,"rand",1.94811419580294,0.535407777542283,3.30924325161957,1.13693966591288,1.07716721727941,0.360720863062243,8.68361654511012,"2021","1.25"
14,"dt",1.65422901068493,0.30350110277762,1.60107569338681,0.810290617585736,0.603061613515107,0.807956204193318,6.31026982304275,"2021","1.25"
14,"fd",1.12930107584386,1.19304714270205,1.93506040817006,1.2656613650046,0.771064897189239,0.111254285024058,7.00498747261062,"2021","1.25"
14,"ir",0.734704318504534,0.210948514915157,2.57069715346426,1.59092957514919,1.59518359175295,0.0838480828367278,6.78631123662281,"2021","1.25"
14,"rand",1.45275342966876,0.250140885577474,3.55203592555892,1.28095871056758,1.27096666419804,0.270273692225266,8.07712930779604,"2021","1.25"
15,"dt",1.73129899979427,0.242427547224668,2.02471336794971,0.5338074458498,0.400435563315161,0.861978916254942,6.5823694092384,"2021","1.25"
15,"fd",0.106030751878628,0.177717152601956,0.0264972964509579,0.544438599914086,0.0228566147419426,0.128025749973027,1.55839840956931,"2021","1.25"
15,"ir",2.72027285195158,0.437281796198406,1.41711774010548,1.24242733682838,0.328301605578702,0.653981499444901,7.46608500214874,"2021","1.25"
15,"rand",1.62665144439523,0.121761601285331,0.0271493321202376,0.979238735325818,0.273678125281306,1.4201866259571,5.36877766148679,"2021","1.25"
16,"dt",1.41218318975111,0.366438207200872,0.67294672077495,0.923999814270856,0.289551128951049,0.211575313602166,4.83333767910783,"2021","1.25"
16,"fd",0.791292159945075,0.517390448138383,0.164960215466767,0.53132380020192,0.157614361161111,0.143220375338816,3.27042452201678,"2021","1.25"
16,"ir",0.603920989968596,0.873916084601903,0.107674493159993,0.509067185394559,0.151780757990115,0.141943129745,3.38198366613606,"2021","1.25"
16,"rand",1.37432707255707,0.796609705813707,1.37218685990086,0.985751534128698,0.648245472823517,0.254926424474065,6.42412199502423,"2021","1.25"
17,"dt",0.582706335959377,0.635645299486624,1.2165703664841,0.243966916969641,0.333893275129901,0.370124477005703,4.26743826144929,"2021","1.25"
17,"fd",0.563559654458418,0.771987671229399,0.0845153240695859,1.17615164454186,0.69357836085189,0.306462142463052,4.56623419473597,"2021","1.25"
17,"ir",0.898822059125751,0.45250331952583,2.75729159740837,1.03443599397826,0.826970420225716,0.461952151642285,7.2214748126889,"2021","1.25"
17,"rand",0.5041648632912,0.508129389010546,0.618700840008889,0.186369371576162,0.220808409356932,0.0493257800456369,3.005497482112,"2021","1.25"
18,"dt",0.325746522861387,0.261585200143338,0.130519128622786,0.192713556210437,0.0351718935183944,0.0832918544155954,1.75939152549656,"2021","1.25"
18,"fd",0.458837528615664,0.373464545009651,0.0882044010148625,0.342752614589274,0.167326328230175,0.30583291681637,2.63015962436378,"2021","1.25"
18,"ir",0.349453861846012,0.614058549736416,1.56458852991124,1.29067926751018,1.50929681401723,0.0729923998110367,5.81851417851218,"2021","1.25"
18,"rand",2.25749524571079,0.434110972021716,0.0128006341523474,0.602318374176136,0.280802835002134,0.212057579609747,3.94678949262785,"2021","1.25"
19,"dt",1.53286473088406,0.612822114995657,0.386217527333335,0.730026874659311,0.335835826041409,0.275138431502478,4.6898868837664,"2021","1.25"
19,"fd",0.329593611647948,0.289176152181345,0.150194937036008,0.674444226585676,0.422281200156996,0.241799074027662,3.08471376135005,"2021","1.25"
19,"ir",1.05849653739667,0.448035997844746,0.186708044104738,0.540595423065886,0.102143098985542,0.176933363543374,3.50766924968503,"2021","1.25"
19,"rand",1.28217280215416,0.670079405648951,0.112340361376142,0.697897097689838,0.290121730153271,0.192417623236748,4.06434939701304,"2021","1.25"
2,"dt",0.779865562802075,0.63937597053555,0.140352375314631,0.962775442663561,0.199895461005218,0.340264247250035,3.7745769898543,"2021","1.25"
2,"fd",0.538398964145982,0.419241481636759,0.148999952323742,0.653742918923458,0.128944886872643,0.164078108420476,2.96463032325938,"2021","1.25"
2,"rand",0.970421384872903,0.923420542911827,0.0614682976363909,1.43826495022499,0.385592877106726,0.437719270153719,4.61001247420164,"2021","1.25"
20,"dt",1.19544525268921,0.538439517291073,1.63601830113115,1.21680714432889,0.940495676449652,0.514012946175703,6.95437647919396,"2021","1.25"
20,"fd",0.758169620701376,0.579303577205986,0.15475394630713,0.490241187012566,0.0781868754236594,0.297414771895864,3.34997973639775,"2021","1.25"
20,"ir",1.94693505797593,0.799386731620778,0.16435817414347,0.743361266261164,0.157962997918444,0.211773273572816,4.67032183351112,"2021","1.25"
20,"rand",1.03198018732673,0.797220168637616,0.811306747858134,0.954669663682561,0.56717151388592,0.369214760737324,5.22958058478144,"2021","1.25"
21,"dt",0.511859586401794,0.423577875025569,0.0739350125764612,0.0351358438389271,0.0907277908824279,0.279837850298042,2.09851811355567,"2021","1.25"
21,"fd",0.865824325572042,0.299509201741624,0.0516018228375983,0.552136565508823,0.104783619165356,0.503924550407286,2.85755484079833,"2021","1.25"
21,"ir",0.834096910742668,0.336427025217758,0.0409556372745041,0.539937330472587,0.283021268293905,0.516403483211206,3.47905381799269,"2021","1.25"
21,"rand",0.869652555974738,0.433866042447118,1.29275348172258,0.299495200665559,0.518889630438084,0.0750928640919383,4.39363817187362,"2021","1.25"
22,"dt",0.446778759311902,0.117665244952121,0.00824697036392973,0.300791310498564,0.0989899996225723,0.428592946640025,1.95389747539783,"2021","1.25"
22,"fd",0.960443879864997,0.657459407354358,1.93094236736022,0.776567855601521,0.883354955925086,0.156074817625335,5.78401418003812,"2021","1.25"
22,"ir",0.173147755672842,0.155917751987498,0.0394802051338033,0.264180301068269,0.340804153163216,0.0735628392125558,1.47669272778361,"2021","1.25"
22,"rand",0.842679224948404,0.363634900421616,0.0404601233040586,0.759696490457082,0.441573909079867,0.383024938599153,3.66695193975136,"2021","1.25"
23,"dt",1.80037477331132,0.188175712136569,1.06524620671436,0.426575221649135,0.222581593006915,1.00875479172667,5.17628795756908,"2021","1.25"
23,"fd",2.22869534291689,0.681944652192353,3.33800002104909,1.93185702729225,1.76702302671785,0.668592929280603,11.4567835192639,"2021","1.25"
23,"ir",1.42176124795767,0.779227059035242,1.37275812838897,0.629658130152032,0.590817494552514,0.686943931148144,6.2758130707248,"2021","1.25"
23,"rand",2.84431054622862,0.909160618490993,3.16754945698047,1.95609461129186,1.21941320879049,0.769148992973944,11.3860177847342,"2021","1.25"
24,"dt",0.829284825232541,0.776606875125811,1.69483160876132,0.910025525597761,0.962436186407908,0.239038389275939,6.20978458760228,"2021","1.25"
24,"fd",1.15434177042259,0.575846932968476,2.9594250849919,1.25857195868963,0.915237396634471,0.193117192293022,7.2999043424464,"2021","1.25"
24,"ir",1.25897253765531,0.76559231882384,2.44385257213156,0.912434019604044,0.68303951436668,0.206220569434596,6.27011153201604,"2021","1.25"
24,"rand",1.89003929204609,0.62444638629431,2.36226820220272,0.736395890487696,0.62776451784136,0.942920595541908,8.11002031703588,"2021","1.25"
25,"dt",1.05185648250648,0.510050353252729,2.69067963258421,0.715371007150495,1.02867572418886,0.155636650183827,7.14116575448885,"2021","1.25"
25,"fd",0.356171550329893,0.296060622520369,0.103029262809279,0.202386612822491,0.181453688924882,0.104819604451907,1.70761347551702,"2021","0.5"
25,"ir",0.88894797884951,0.300691315260103,0.0445084977071846,0.72334543692138,0.136903596174844,0.492170327756948,3.4609368475243,"2021","0.5"
25,"rand",0.595028018577783,0.106254026560882,2.37479872740932,1.55887951432884,2.65112252533968,0.13816462780839,8.39903735599129,"2021","1.25"
26,"dt",1.369825282023,1.8938619163318,0.131203690731724,0.83998202424145,0.302563967624987,0.381225890688621,5.19166634892984,"2021","0.5"
26,"fd",0.77152095632141,0.161577729576646,0.0972724645084039,0.427226679259768,0.0976870752809912,0.405067642365975,2.40161547223625,"2021","0.5"
26,"ir",1.88756260103942,0.673260885393778,3.29888267958571,1.16407487526585,0.996700324108799,0.530257654042514,9.43527060985001,"2021","0.5"
26,"rand",0.372971896492261,0.209467381490296,0.187643607634219,1.06575329313701,0.0907811193140642,0.293053606930547,3.17496502264546,"2021","0.5"
27,"dt",0.587013988175098,0.213281248263922,1.3687643281613,0.238467701593273,0.314293303886548,0.0389746426043513,3.03949576544922,"2021","0.5"
27,"fd",0.219198552278018,0.122096483057709,0.115724306545985,0.610079371015363,0.0528507764082019,0.18256708271661,1.8793153388659,"2021","0.5"
27,"ir",1.33843967430102,0.612722516074784,1.57080943884134,0.906128797409893,0.439742378331891,0.178753623422783,5.3733265664203,"2021","0.5"
27,"rand",2.07607861441307,0.332314314807421,2.1911743154594,1.16491735254386,0.571600081153111,0.18435389213808,7.21059744656537,"2021","0.5"
28,"dt",1.09628252301122,1.04329815801895,0.0821139846649127,0.844139402319285,0.152860622845071,0.654113727923249,4.84402094664247,"2021","0.5"
28,"fd",2.94838275646432,0.892716294530876,2.26026157642976,1.39492736945682,0.927906342679223,0.402459907534546,9.04702197896338,"2021","0.5"
28,"ir",2.82563033939585,0.777750888856497,0.746019703440409,0.525689901759321,0.324465907695768,0.339148869379378,5.58665501039425,"2021","0.5"
28,"rand",1.63335572436693,1.61435793516402,2.55504446539301,0.757084139587932,0.512600728762524,0.214256581546555,8.27305163517637,"2021","0.5"
29,"dt",0.378175271171239,0.0786660809251748,0.330492461400097,0.402249220648811,0.198256519152338,0.410431813704003,2.51712586451809,"2021","0.5"
29,"fd",1.21644925468621,0.468009447116265,3.41511255072323,1.26983967326882,1.03181404402486,0.100381536069992,8.39747039160987,"2021","0.5"
29,"ir",1.11142708775595,0.225162456977592,2.99706080222835,1.30113911728799,0.811736664741489,0.0192216350241396,7.23237060238697,"2021","0.5"
3,"dt",1.83770301332401,1.0820176497253,0.0567391588110253,0.692636763540355,0.121031402803852,0.29333239479074,4.70171656120621,"2021","1.25"
3,"fd",0.894429672502091,0.312880804140979,0.172472534477845,0.455014625294905,0.0639459418363903,0.0936999887379297,2.9206557297702,"2021","1.25"
3,"ir",1.29814560020412,0.719186623328305,0.688407125133392,0.947975516343573,0.339795341064936,0.503097247995426,5.39218842003784,"2021","1.25"
3,"rand",1.12611924893718,0.868350747329495,0.111560144436929,0.67536627980523,0.18500333174959,0.174210216684521,4.06882213172301,"2021","1.25"
30,"dt",1.71522277116566,0.392454887255279,2.67013152151151,0.650821695482868,1.13040199435981,0.292630495337819,7.84557817241517,"2021","0.5"
30,"fd",1.22865117447373,0.559693145223001,2.41366844987763,0.420070408322521,0.964569559293213,0.0884894021025548,6.66733266049748,"2021","0.5"
30,"ir",0.870440816785377,0.25889575117232,3.1140469371472,1.4379942177941,0.788623049208307,0.085401093615037,6.7342998756205,"2021","0.5"
30,"rand",2.02177433070674,0.57738265467588,2.67146245989817,1.08790322242797,0.934700329050028,0.246022266711502,8.4603277460501,"2021","0.5"
31,"dt",0.70358077144951,1.19480756158517,1.98733655980002,0.392009699695866,0.51057262166587,0.110185309730054,5.67688032349076,"2021","0.5"
31,"fd",1.100544701996,0.642746982916168,0.0572428103129241,0.834621030723977,0.182082986248699,0.772870267359206,4.50879415180429,"2021","0.5"
31,"ir",0.986864925114878,0.211132027064861,0.276024061659319,0.531355555262225,0.0632756263499999,0.0343563578264262,2.83007906422524,"2021","0.5"
31,"rand",0.208603485428055,0.0327502340653697,0.0315602883504713,0.105161936561537,0.000299760500838811,0.000412756019553566,0.525992312880809,"2021","0.5"
32,"dt",1.19395268296956,0.202951660272083,0.0965616789482738,0.787573111015741,0.157064180637767,0.548420934205184,3.8489926922164,"2021","0.5"
32,"fd",1.33076471207718,0.444099348886473,0.0742977091012873,1.26375050837864,0.388391130650305,0.671983075411158,4.91189653207437,"2021","0.5"
32,"ir",0.997190626051271,0.21061429183774,0.163020830764208,0.540411561163722,0.0284608566749837,0.00252206005363383,2.65841535511602,"2021","0.5"
32,"rand",0.385553703065728,0.423904713133107,0.0565662225929254,0.556569045739765,0.407835551245309,0.637640548246243,3.19562431749628,"2021","0.5"
33,"dt",1.61479671433115,0.886154947151695,2.69171714134023,1.0175986375223,1.0492078589011,0.31719768664471,8.42456717315187,"2021","0.5"
33,"fd",0.250346854328614,0.286174000384616,0.0151364762709665,1.17167727577276,0.945534053444261,0.56158051115076,4.16706578310228,"2021","0.5"
33,"ir",1.13967930980635,0.455629291028157,1.56698941947132,1.10966607557693,0.95839961215764,0.299771484471935,6.50968482486527,"2021","0.5"
33,"rand",0.294251646065262,0.125061918953791,0.625994923954873,0.373316189083005,0.228931152583407,0.136424204759674,2.05698361268827,"2021","0.5"
34,"dt",1.15070938746221,0.97882031034152,0.106935565825895,0.477717647858861,0.410886507775832,0.269796264105631,4.37870186157142,"2021","0.5"
34,"fd",1.57688015580367,0.155830482543653,0.00623974590933311,1.13486588791824,0.310200516756,0.533567124589968,4.28371662106771,"2021","0.5"
34,"ir",0.524044975359166,0.495314136200557,0.117266669392679,0.295977002264907,0.291998173259677,0.125431662487654,2.43389116238201,"2021","0.5"
34,"rand",1.53013162973385,0.550905615963921,0.0543918649905224,0.540221538750839,0.209370251486131,0.263209620359224,4.00825985157616,"2021","0.5"
35,"dt",1.60974167018149,0.614905141321863,0.682151565728141,1.02423969309195,0.636501377213439,0.215617853034571,5.38233585956902,"2021","0.5"
35,"fd",1.03721512409775,1.0393816073832,2.23224821612972,0.674052830638708,0.818640774825199,0.278810704951262,6.91922151037996,"2021","0.5"
35,"ir",1.16326380236259,0.252662628497671,0.852115017653858,0.655683388292673,0.232743358155486,0.0312779611277997,4.1683040597249,"2021","0.5"
35,"rand",0.674253781390208,0.28214781827133,1.83177962400833,0.87235215894643,0.450195452373392,0.0756412967860919,4.46507068454051,"2021","0.5"
36,"dt",0.21318325072809,0.1340063118445,0.327879418062346,0.0447233263322354,0.191992805092076,0.0208282628346185,1.3840756233093,"2021","0.5"
36,"ir",0.461899971917114,0.165607303992644,1.34952412124428,0.406565723999943,0.439234544054684,0.0456705946735365,3.31759314452138,"2021","0.5"
36,"rand",1.3835288862065,0.0682232651924541,0.0615212027665321,0.181807286136373,0.0788271237674951,1.4635630399155,4.18604855502683,"2021","0.5"
37,"dt",0.345965139961589,0.276535271445662,0.0686467432491848,0.326758279466545,0.0875969973972068,0.168878293786136,1.83399088889839,"2021","0.5"
37,"fd",1.90354078164673,0.361256858432016,0.174279809307468,0.583027023404259,0.0687577505608565,0.288805992461662,4.21214498198347,"2021","0.5"
37,"ir",1.39921033066442,0.29682392448573,0.202568456768838,0.731119457183278,0.0215266485459308,0.0625068624461937,3.6752831482245,"2021","0.5"
37,"rand",0.582484128678293,0.330302052892068,0.153014112718285,0.297370697456691,0.0909170001464358,0.124862711625645,2.46348229393136,"2021","0.5"
38,"dt",0.492805192111527,0.63675789355304,0.0451865736843302,0.0823066703378463,0.0353081357369908,0.515472447611406,2.58256722038299,"2021","0.5"
38,"fd",0.507772547017847,0.324534083519005,0.0258640499583101,0.285181434827457,0.0476068615029618,0.642879476199964,2.50133770212051,"2021","0.5"
38,"ir",1.45550287681282,0.281276244635875,0.171651402637902,0.688228476361604,0.204661987620712,0.186034574444726,3.96552376741374,"2021","0.5"
38,"rand",0.734330594028863,0.87981498466873,0.139845429922078,0.794552813839854,0.343077629145935,0.272318056120991,4.14612247865557,"2021","0.5"
39,"dt",0.103474170793725,0.471140970118254,0.0365635663627252,0.229141065867973,0.0370193586924449,0.459796590746903,2.08345925199379,"2021","0.5"
39,"fd",0.267103612494274,0.412294704418094,0.0912045124956555,0.159682383946628,0.105035377807276,0.143697026808419,1.91305781346556,"2021","0.5"
39,"ir",0.16958033083828,0.144882949727531,0.178260777567069,0.370501529580391,0.172561014169902,0.166723614994105,1.63786560903414,"2021","0.5"
39,"rand",0.337629221387914,0.254993474202692,0.261638834593161,0.157588657271973,0.128980814149791,0.173837754775055,1.95795711628262,"2021","0.5"
4,"dt",0.853438480031117,0.586595234496889,0.111423033630582,0.495185630837243,0.101790563867739,0.30975284997083,3.30491170013684,"2021","1.25"
4,"fd",1.2968195675863,0.218301591958135,0.0980691079961755,0.896154019631163,0.288760752035036,0.463475086467087,4.01290402019446,"2021","1.25"
4,"ir",0.261948997882395,0.434941965772471,0.149656603188922,0.183450303008226,0.0978018620183521,0.0234310913723011,1.53200813416704,"2021","1.25"
4,"rand",0.00510190990863463,0.00925060559979899,0.0149002136953307,2.26254390598434e-05,0.0164762157541019,0.00471271852117326,0.135113460495993,"2021","1.25"
40,"dt",0.364279006918303,0.217291882884242,0.326523868528643,0.684696331060187,0.381298624715526,0.265617754952565,3.08157858699871,"2021","0.5"
40,"fd",1.01097356189575,0.346376416259947,1.04156571577847,0.902022804535592,0.512402129690765,0.565638276237021,5.34201921585414,"2021","0.5"
40,"ir",0.368039132829866,0.619641926851901,0.0914506494115885,0.259865163058748,0.11930360135784,0.276827421576411,2.5336633586545,"2021","0.5"
40,"rand",2.02726354999449,0.628118100983626,0.12237345249591,0.741203356295794,0.30583932146845,0.488688779683229,5.17449111335936,"2021","0.5"
41,"dt",0.931017524660372,0.775457921941771,0.633086496549424,1.32057926728238,0.842767826373019,0.393362499987021,5.38366649477719,"2021","0.5"
41,"fd",0.371580625832986,0.536751036401699,0.748166629466784,1.01363380983539,0.92670128578152,0.235035553086032,4.81337228554412,"2021","0.5"
41,"ir",0.405023509450247,0.455708177821354,0.547606555905949,0.778228457957781,0.67563024910608,0.142002597446085,3.71459944588366,"2021","0.5"
41,"rand",0.443988689954979,0.101160798026415,0.0248268046343174,0.396510431936193,0.254794376213605,0.11670710079125,1.90154164196921,"2021","0.5"
42,"dt",1.13108649261584,0.45488439087361,0.0358398058739678,0.950052824868453,0.334627341552323,0.889282602289388,4.76322988508884,"2021","0.5"
42,"fd",1.18481745110762,0.940918118837985,1.88326891929911,1.0891773235544,0.951079106070608,0.264417315657466,7.21586974384697,"2021","0.5"
42,"ir",0.992094617172641,0.848610832876929,0.856121720232757,0.782769881999935,0.755456215435639,0.322582484336428,5.2059156185081,"2021","0.5"
42,"rand",1.44287268077119,0.443368230916299,1.70444710576777,1.78967320812592,1.07150415187296,0.373057223202865,7.59025352641574,"2021","0.5"
43,"dt",1.98621655766423,0.449727894694759,0.372470279391731,1.07251390647647,0.427521327257557,0.643499858278688,5.820122092671,"2021","0.5"
43,"fd",1.19582363932518,0.593571395078875,0.0858371302191202,0.473034937709899,0.131785743596694,0.477261352064109,3.05675857798125,"2021","0.5"
43,"ir",1.03994950221988,0.336438428266969,2.61083528177674,0.792683351234237,1.17860561174904,0.214340007536798,6.91917571219543,"2021","0.5"
43,"rand",1.56577727498497,0.511817499740194,2.02472359696693,1.10469156391485,0.860831104139852,0.254553221013119,7.30056246566002,"2021","0.5"
44,"dt",0.666704503275074,0.534101353103249,0.0523496244249057,0.726320019425947,0.297862686610937,0.549660226417683,3.39398224228484,"2021","0.5"
44,"fd",0.872249669859402,0.852298705069103,0.0305217070148001,0.333708357820217,0.129839200372061,0.308438180224719,2.80968721611387,"2021","0.5"
44,"ir",0.602470488624862,0.492785298598634,1.67339252555733,0.44270708533988,0.551237098645929,0.118852783636609,4.23574325626178,"2021","0.5"
44,"rand",0.438922121111316,0.788941447842673,0.0165997744161774,0.874177013434203,0.442186035503113,0.63166515153514,4.06229628155456,"2021","0.5"
45,"dt",1.49893700294905,0.720509684152081,0.0814549490280015,0.625017926725085,0.198688726141051,0.371269136144984,4.22689526845756,"2021","0.5"
45,"fd",1.39012003689687,0.572097974803732,2.25153553347354,1.04439597296203,0.854274163483726,0.4722494825787,7.18528103423276,"2021","0.5"
45,"ir",0.431371977888635,0.52567993184818,0.108083323067659,0.294843013056288,0.471830538085664,0.140334293207603,2.88600862337252,"2021","0.5"
45,"rand",1.2670582307051,0.495777065602773,0.0678107908401521,0.6950141208397,0.220689797908146,0.571200713031035,3.76735047353949,"2021","0.5"
46,"dt",0.557595990806378,0.324186780077154,0.0183380015592077,0.486624012544002,0.180869748834687,0.493104354383083,2.66710675585157,"2021","0.5"
46,"fd",0.406056933127582,0.453784537351527,0.114606245345096,0.505739749997506,0.704852147078766,0.119723828847403,3.01516333994405,"2021","0.5"
46,"ir",0.44261478577586,0.267460268662482,0.67686156406667,0.350136717025369,0.284066978403949,0.189730917116909,2.51239071099202,"2021","0.5"
46,"rand",1.250498570376,0.404629803375852,2.4486786447756,0.620103594224327,0.778936991133814,0.281291875232601,6.37950065473305,"2021","0.5"
47,"dt",0.343074703716391,0.171027600454349,0.111173921019538,0.203282451348385,0.0424882029837743,0.0397611472327576,1.48266020808141,"2021","0.5"
47,"fd",0.420329748858478,0.46997240294759,0.137032288089167,0.243022423936148,0.13587344830424,0.153069571575565,2.08508836719865,"2021","0.5"
47,"ir",1.24693959634256,1.17945990080284,0.102124150796905,0.488451823251295,0.276809976012033,0.149041639248765,3.93022204443759,"2021","0.5"
47,"rand",0.33775333334432,0.588740155812645,0.0430811125914383,0.0547550646265596,0.0428645530011272,0.316947831975446,2.04570307465282,"2021","0.5"
48,"dt",0.541420372839505,0.814453645278964,0.067678160956738,0.53599917310396,0.258666973504629,0.567661074690759,3.75261320133295,"2021","0.5"
48,"fd",0.33251991351038,0.488573283474148,0.0615137811067812,0.418208031887988,0.125276361197748,0.556685556604478,2.95879734778384,"2021","0.5"
48,"ir",0.275069649475855,0.199813838820162,0.163972133452936,0.569192142716787,0.297463975699659,0.208643079635605,2.16561706821644,"2021","0.5"
48,"rand",0.414176006750116,0.588106612861442,0.0643491007258821,0.139877574261092,0.172158547123519,0.112904008856791,1.98483615903274,"2021","0.5"
49,"dt",0.574346831117327,0.300423172547305,0.142103050283496,0.525736570788606,0.0356583026433503,0.0101912334547757,1.91741719032765,"2021","0.5"
49,"fd",0.588754599117357,0.512378177610713,0.143058006191267,0.363939308431484,0.131393635027203,0.252146776882751,2.96802198195298,"2021","0.5"
49,"ir",0.771363537702965,0.158739818969894,0.0645622236952381,0.337253790066822,0.113301748552851,0.133897308975328,2.17124288105012,"2021","0.5"
49,"rand",1.33162224515672,0.315214552085001,0.0025087420409141,0.211779780971063,0.0274241347165978,0.277038064938162,2.16558751990846,"2021","0.5"
5,"dt",0.399424613981116,0.446361090622016,0.0873536072077357,0.450287127221106,0.279149438949833,0.193282653133357,2.85012052913008,"2021","1.25"
5,"fd",0.637638772226659,0.328582677087945,0.111648155071138,0.367050111270822,0.112005719125539,0.14689803405479,2.50321262336449,"2021","1.25"
5,"ir",0.331961786689882,0.412364520031511,0.143461229064154,0.244645860418265,0.250037284787698,0.0766044563821591,1.93791345249335,"2021","1.25"
5,"rand",0.366624182968424,0.257121339595906,0.0355521056349446,0.469742000236499,0.0692490995647964,0.239963165340978,1.96375395049711,"2021","1.25"
50,"rand",0.0396832061467953,0.116173347107104,0.0439201143254048,0.0172625734359429,0.048857740830536,0.00073800447517505,0.343151559886178,"2021","0.5"
51,"dt",0.25970644894944,1.09880534140739,0.107120713055519,0.727844316301537,0.554516260818952,0.130744671281129,3.43156999582268,"2021","0.5"
51,"fd",1.27639398549614,0.244067662844572,0.0389792457354906,0.160399989899768,0.275181161000259,1.29088712236955,4.25619866818766,"2021","0.5"
51,"ir",1.3907636205714,0.413694806082883,2.15415423827163,1.25063994023877,0.79384511326588,0.0191255219320491,6.94906342087926,"2021","0.5"
51,"rand",0.746267590667506,0.72856332932595,0.0696980230468479,0.472040979486643,0.139758545189161,0.753303289686573,3.90446236903459,"2021","0.5"
52,"dt",2.43642263043757,0.878377962094029,3.21762820580953,1.67629254935044,1.30877750669102,0.667384702814553,10.9069501616167,"2021","0.5"
52,"fd",1.61641535485658,0.661407895168667,2.27231242263092,1.33368694048312,0.673089188024968,0.514849795248436,7.82434335335837,"2021","0.5"
52,"ir",0.566662270024563,0.181284535123358,0.928431724455047,0.297205082964662,0.449039475830891,0.0773052428373176,3.1242772443548,"2021","0.5"
52,"rand",1.44453719568791,0.824417418127306,0.252234433125566,0.620766861928704,0.284182975738078,0.980353276752006,4.78388012297213,"2021","0.5"
53,"dt",1.53422957048105,0.59023762794332,0.0755330160167226,0.705843884403203,0.312933500106683,0.598783976655689,4.78167040252843,"2021","0.5"
53,"fd",1.49349914188533,0.237821393109547,2.09187535706929,2.43507541330593,1.9509698687492,0.903033797147362,10.0838203941695,"2021","0.5"
53,"rand",0.933645178452097,0.369297310372571,1.78305232118627,0.956158832062589,0.466337544382115,0.101469012675125,4.66164465407618,"2021","0.5"
6,"dt",1.09308194826452,0.745983621970264,1.0993918132093,1.19568001461696,0.615236308072077,0.260093417452326,5.928987315567,"2021","1.25"
6,"fd",0.372698097119231,0.540788712162987,0.0167376055335341,1.12450902847108,0.578757478898058,0.178278217986448,3.64220861271416,"2021","1.25"
6,"ir",0.680092073054155,0.465903633172104,0.0381479935748399,0.186712600087344,0.1617165168867,0.136094824462777,2.39533258760827,"2021","1.25"
6,"rand",0.567475916192757,0.532809038609749,0.0822852066914538,0.820511353524509,0.271206663698958,0.216012951448391,2.9155256392536,"2021","1.25"
7,"fd",1.5138978787756,1.07641898345462,0.536492878007184,0.931165864602833,0.423829208705649,0.498432236029624,5.53013553184022,"2021","1.25"
7,"ir",0.90239735298668,1.06978733537628,0.0928415866338416,0.415516480323718,0.179522138915591,0.232006240479534,3.5650342854932,"2021","1.25"
7,"rand",0.952961204100192,0.80070965388689,0.574858427143125,0.99504093155775,0.545462618700536,0.23907328155498,5.03347842849785,"2021","1.25"
8,"dt",0.971764153995253,0.226230089720405,0.20389623469605,0.52033640496336,0.0798851022163518,0.0276709252302423,3.02387807975343,"2021","1.25"
8,"fd",0.64970066083535,0.864872956291904,0.103611687008591,0.210549887994349,0.0685256111350459,0.0458532337807879,2.66047734406339,"2021","1.25"
8,"ir",1.38373660180688,0.304153906389757,0.442654934872232,0.945760817109109,0.383564296094343,0.194784780555955,4.18390415546931,"2021","1.25"
9,"dt",0.415471237682116,0.365944903451883,0.169996234576335,0.845805022945824,0.385873668232929,0.215465175979436,3.38351987734175,"2021","1.25"
9,"fd",1.10921672597412,0.528516876748669,2.03649276199937,0.554460028956402,0.964422888468826,0.314787994624067,6.50169528951698,"2021","1.25"
9,"ir",0.434009157245246,0.265715545957817,0.474672893733706,0.21569550352451,0.169482453623812,0.0568253323002006,1.73451956242714,"2021","1.25"
9,"rand",1.0616299969682,0.389797204098473,0.170262255265349,0.591166487330759,0.194294138513343,0.119072546763271,3.37985147633969,"2021","1.25"
1,"dt",1.21187456541383,0.485034034597581,2.75513974724432,0.956216886508972,1.05207449867909,0.258478845205811,7.58352052882437,"2022","1.25"
1,"fd",1.1262323046784,0.544268920239595,1.46737531762817,1.03802900899694,0.799359044160793,0.149945525641782,6.15756306252215,"2022","1.25"
1,"ir",1.65248634567558,0.589358646381438,3.04396865234805,1.26580371147788,1.10677178975039,0.307111800868533,8.73976565238423,"2022","1.25"
1,"rand",1.1300192687479,0.369892484337137,1.06917275325548,0.715912318334453,0.468817304876723,0.0909163358155851,4.81497317263174,"2022","1.25"
10,"dt",0.45900539455039,0.247062736092081,0.233115651214421,0.469741869874545,0.156480257177966,0.224702541195985,2.5496980366606,"2022","1.25"
10,"fd",0.899597560943336,0.259780029257117,1.79205386220628,0.607475052079901,0.575653035805666,0.0988276865372178,5.15103428565305,"2022","1.25"
10,"ir",0.783677942161636,0.309496786754906,1.14388214435897,0.550794133946624,0.520593546078017,0.239955513088716,4.57508851954791,"2022","1.25"
10,"rand",1.10843484443533,0.246083729893251,0.889181849947639,0.857548225498741,0.431513986323462,0.166190705277864,4.51801022032622,"2022","1.25"
11,"dt",1.03555569482872,1.44718790216183,0.0999857490469319,0.584517749373781,0.072488540091596,0.0665592617198305,4.20020891988392,"2022","1.25"
11,"fd",0.713355995198232,0.24336100263937,0.100239554508329,0.451720695303643,0.414061777118046,0.0982171479839944,3.03224068655714,"2022","1.25"
11,"ir",1.00086855370358,0.311354538842842,2.44833191152872,1.10236810206401,0.685861568790865,0.152978981505002,5.70176365643502,"2022","1.25"
11,"rand",1.20524747912532,0.294071423712112,0.127358691852149,0.542053227270662,0.137940634025069,0.0774692057488492,3.04484654408711,"2022","1.25"
12,"dt",0.835178232191039,0.360659824285763,0.086495892472899,0.848079615841744,0.240377217562747,0.232443982845527,3.61529952297461,"2022","1.25"
12,"ir",1.29135827951773,0.606296526830162,0.122380188524285,0.742430908994289,0.157404952594107,0.149562350422747,3.75049938335391,"2022","1.25"
12,"rand",1.42655146068862,0.13042347787043,0.052967195442251,0.916289474788729,0.127319119449915,0.336033116839992,3.33653373614748,"2022","1.25"
13,"dt",0.646029824298111,0.292954538174988,0.543502291700003,0.674065251346201,0.319381413170493,0.42565412685695,3.72210026605957,"2022","1.25"
13,"fd",1.70085407364901,0.492108451466181,0.870658108623073,1.73922728942613,1.14440852171696,0.226820187495327,6.9047924833628,"2022","1.25"
13,"ir",1.3631929036222,0.372849230364992,0.76890908216205,0.886594248136876,0.36732818908659,0.508237743293171,5.29823680759125,"2022","1.25"
13,"rand",1.16084369083241,0.324599926225787,0.0374899341600266,1.30924714141631,0.537421159505086,0.379917288829437,4.62254210015273,"2022","1.25"
14,"dt",1.45703191671396,0.310873192691302,3.0538297132575,0.92760427835303,1.36292288410783,0.349470619866583,8.37513165537714,"2022","1.25"
14,"fd",0.253617841756225,0.0571260705904806,1.56563549187812,0.861302845236844,0.394894253151228,0.0353377339357281,3.16791423654863,"2022","1.25"
14,"ir",0.925589488240744,0.233820121175515,2.95636501636382,0.974769082953702,0.909325700042704,0.0934855927487874,6.09335500152528,"2022","1.25"
14,"rand",1.36978270461491,0.597064065616668,1.89919998089244,0.607181983803808,0.412384002376784,0.123271644717101,5.0088843820217,"2022","1.25"
15,"dt",1.50342393222078,0.246802064778316,0.0788332929122239,0.745711402946883,0.142094103192372,0.201808699003668,3.33761880755425,"2022","1.25"
15,"fd",1.37396039833755,0.595992024465945,0.033637144632311,0.975225310501118,0.157796373673523,0.390772292394165,4.54053983958069,"2022","1.25"
15,"ir",0.728321714441402,0.284694903984544,1.73927872039663,0.827527128155576,0.493876200191267,0.108911061892874,4.39740448292041,"2022","1.25"
15,"rand",1.60530383696423,0.265015740512028,0.0484598435268563,0.994136097596583,0.164258184424814,0.793681251332031,4.89730290377853,"2022","1.25"
16,"dt",1.7318832720589,0.46797389013233,1.05742868209906,0.916077964238645,0.48038044989651,0.163219151179469,5.62156355544837,"2022","1.25"
16,"fd",0.99149812920349,0.388942359330313,0.319241911857788,0.576441980654155,0.227042803287808,0.109231581902534,3.1252192790566,"2022","1.25"
16,"ir",0.333872301168715,0.303365671282446,0.154529075361581,0.787529040887105,0.212135203893932,0.15509002637865,2.83559113374955,"2022","1.25"
16,"rand",1.90627165857474,0.538906278002784,0.500591156565901,1.05463891155043,0.444938810455677,0.21085959990059,5.32695634767623,"2022","1.25"
17,"dt",1.05994390990844,0.376889759227959,0.804255528380159,0.811108843612293,0.428530856819962,0.428476317665366,4.87870111314674,"2022","1.25"
17,"fd",0.869712385081754,0.682086010232566,0.0842596493951966,1.46342549315373,0.706857442305826,0.23057132302822,4.94146023348051,"2022","1.25"
17,"ir",1.05717086999452,0.34515468363071,1.09271691549509,0.605975762274983,0.486815806422948,0.264971971628695,4.88119738009184,"2022","1.25"
17,"rand",0.991901752049081,0.434831451386126,0.292716697902805,0.839775605721634,0.336695739996928,0.218283823505467,3.83172371089855,"2022","1.25"
18,"dt",0.448206088189395,0.366764667565492,0.121118062334047,0.422981268009674,0.42737874565905,0.100602563687774,2.89072786603367,"2022","1.25"
18,"fd",0.752220536019502,0.317250198530972,0.147668385051931,0.536797981272845,0.209429662146695,0.164542875670459,3.13850904494814,"2022","1.25"
18,"ir",0.739794857627699,0.349378991127461,1.24361254031106,0.730278514807982,0.435073222546563,0.167977523163402,4.4184249326724,"2022","1.25"
18,"rand",0.99127539467525,0.270497807373378,2.90279112989978,0.771771585855111,0.956736320285148,0.115219689048445,6.29742658926642,"2022","1.25"
19,"dt",0.940655540526486,0.262137417617656,0.0558235293077229,0.830702372876269,0.45680717331142,0.29701537012018,3.85216508243536,"2022","1.25"
19,"fd",0.651195671660701,0.255143266961973,0.161850279154855,0.547863765611403,0.190673046118033,0.144109950095757,2.98102798720161,"2022","1.25"
19,"ir",0.937506549707075,0.315850563541479,0.382549998326048,0.603504495181824,0.248482532393354,0.11127158402378,3.55344697317356,"2022","1.25"
19,"rand",0.915867273443989,0.317637644522951,0.0947190858674653,0.426850949308299,0.303223658046625,0.0912546959102,3.07993505980061,"2022","1.25"
2,"dt",0.378086871700018,0.21277943736646,0.122679475423806,0.244373359008473,0.146726677926376,0.147979759850969,1.70427999304081,"2022","1.25"
2,"fd",0.452418735222654,0.238717421220379,0.380730355729177,0.358852675394598,0.178486318888311,0.125936529838677,2.47993370296046,"2022","1.25"
2,"rand",0.374581179181645,0.118666995600593,0.117781931514402,0.657830452760082,0.241612038914278,0.347557833402374,2.7471002461505,"2022","1.25"
20,"dt",0.964700380540426,0.216822597895905,0.297124657919804,0.779716322232466,0.431220641425638,0.315807159468129,4.02230295333727,"2022","1.25"
20,"fd",0.488440518012033,0.31974952741144,0.103093653480373,0.395241977807371,0.0897756499378901,0.247749575900452,2.6045599433822,"2022","1.25"
20,"ir",1.75039586636586,0.723935173933287,0.0785084237831046,0.633148973066621,0.196350620308983,0.147763997348953,4.56245599598327,"2022","1.25"
20,"rand",1.21285293595601,0.558603263501824,0.138139282970325,0.678007831225143,0.225803327693385,0.153932194919931,3.67357847421781,"2022","1.25"
21,"dt",0.731067185600322,0.388210535317985,0.123745947714593,0.486678074668359,0.180631536230236,0.202023738110921,3.12914046232223,"2022","1.25"
21,"fd",1.22325171293216,0.281835285055117,0.953908197877796,0.783356293941217,0.383382475757118,0.251433876244041,4.58185470365792,"2022","1.25"
21,"ir",0.674694691343258,0.251507326657195,0.1358279505343,0.509488266630494,0.452436927777163,0.205580793032287,3.26109232852372,"2022","1.25"
21,"rand",0.818673851671733,0.342574897478261,0.476495683938493,0.462995176442656,0.269413909755323,0.0936859424004599,3.48006188815751,"2022","1.25"
22,"dt",1.22281382365824,0.659986979003585,0.804716552810941,0.906092960615785,0.557031039354364,0.269982762645427,5.04595418521525,"2022","1.25"
22,"fd",1.61226115983059,0.502189077058024,3.34291259905294,1.13414428404926,1.10417750739999,0.158614788144327,7.91830542590008,"2022","1.25"
22,"ir",1.28442293704671,0.412002975545721,2.12550163933883,0.904147133253087,0.771514097779235,0.106851875111348,5.71985302559944,"2022","1.25"
22,"rand",1.51917195063172,0.427928174962258,1.12824948784215,1.03260482566617,0.472038716904445,0.491532831824153,5.66478741338411,"2022","1.25"
23,"dt",2.26995493985187,0.340730967828706,2.60727073126497,1.4179863812685,0.651199296961788,0.459748304154418,7.93587534983704,"2022","1.25"
23,"fd",1.3114149618158,0.47016884534245,0.39653573252178,1.01180510470324,0.514982082267958,0.531992514837838,5.22795806501847,"2022","1.25"
23,"ir",1.35830617771285,0.544209898502491,1.89794367137508,0.691532470793415,0.53858197633515,0.481522185936278,6.22582187085134,"2022","1.25"
23,"rand",1.1272167501163,0.314988663192987,1.69150558029906,0.749236261047591,0.561217267129027,0.372169856045651,5.35083192685022,"2022","1.25"
24,"dt",1.08219045590425,0.455837517633518,2.51704749986778,1.00055129930613,0.925893897122394,0.16492884317825,6.66581653958646,"2022","1.25"
24,"fd",1.48633906689021,0.322623672431942,2.83788416852337,1.41876521487716,0.829390515261848,0.227350346123351,7.23190184166743,"2022","1.25"
24,"ir",1.7741316195953,0.427242560823001,3.43878805112948,1.428375609765,1.07480891537117,0.256476131707231,8.47698015129636,"2022","1.25"
24,"rand",1.54396629335333,0.375858567416905,1.36772390119442,0.729926767396476,0.485422605305742,0.578028290304627,5.80035430469554,"2022","1.25"
25,"dt",1.08226532594093,0.388718532947098,3.28165844094119,0.98706266615292,1.1108385487624,0.118060235384993,7.55367542981888,"2022","1.25"
25,"fd",0.43572268456524,0.161776242164245,1.45689123022771,1.156476693846,0.948524655640127,0.075308935712077,4.38970460690724,"2022","0.5"
25,"ir",0.619540676064715,0.282248751942903,0.0416669945475047,0.874017909175128,0.100704556927674,0.243783990725008,3.10815895781431,"2022","0.5"
25,"rand",0.751158253794381,0.315218486473661,0.619569487641123,0.881652019503002,0.630823105152312,0.343849855265366,4.21740859842622,"2022","1.25"
26,"dt",1.72062870859258,0.484151365595955,2.23507459329119,1.14816187548135,0.850288497808231,0.15924062347872,7.37181037013038,"2022","0.5"
26,"fd",2.13305585047803,0.654880327971614,2.99487003779173,1.58102005122808,1.42564187357592,0.217498594341537,9.86964881333132,"2022","0.5"
26,"ir",0.032690140895512,0.0557163422092548,0.156152250501678,0.331633561355665,0.361040292638106,0.0821002383404906,1.68003870829365,"2022","0.5"
26,"rand",1.03422427320294,0.532126802700373,0.714280615684856,0.0581758492294021,0.211625797104626,0.200921633148732,3.15919810832583,"2022","0.5"
27,"dt",1.5265638442529,0.452814837300799,1.95629968132484,1.00633847128177,0.636678175656004,0.100678963841169,5.89160153954206,"2022","0.5"
27,"fd",1.67966448237297,0.210673700893211,1.82267526345817,0.809379726413056,0.569961121819441,0.282795930851584,6.36009920540027,"2022","0.5"
27,"ir",0.448051722280813,0.112095783135325,0.69142356374353,0.666617414257316,0.441018487930392,0.0491640210753395,2.40837099242272,"2022","0.5"
27,"rand",1.87436518741766,0.196423795404341,1.07397525082255,0.594383383909164,0.339632802094864,0.0782076783503406,5.08312886402409,"2022","0.5"
28,"dt",1.06783371778764,0.411707505996361,1.7268487856857,1.07068722432988,0.703673533581321,0.258590179153878,5.83260237208799,"2022","0.5"
28,"fd",2.49084052264545,0.704839440911466,0.345157834871021,0.74138493801305,0.318419551202836,0.234475010780684,5.0033595160902,"2022","0.5"
28,"ir",2.473294205851,0.687081201851963,0.637515247438454,0.700611365502003,0.323683271936986,0.215333674788791,5.27947668795743,"2022","0.5"
28,"rand",1.9490020015765,0.533518953329713,1.8017542707871,1.09270533167117,0.654557819470113,0.193131796173958,6.33720196360933,"2022","0.5"
29,"dt",0.228344776999617,0.0268989069903425,0.0700445600510576,0.105410735052307,0.0834089025313117,0.275978633654935,1.47641534043844,"2022","0.5"
29,"fd",1.02975019738882,0.138898216535073,1.0546368542166,0.797561174813562,0.329007989544894,0.115761161701982,3.46561559420093,"2022","0.5"
29,"ir",0.576956963855405,0.138973967403066,1.62682701280513,0.873587195448018,0.435893739974154,0.0329833825514808,3.92438953388426,"2022","0.5"
29,"rand",0,0,0,0,0,0,0,"2022","0.5"
3,"dt",1.7290782609234,0.262420464235403,0.117214278416245,1.12656984135586,0.165152206150257,0.381515898949394,4.49004957409557,"2022","1.25"
3,"fd",0.223261707905351,0.141732874657526,0.0673376391813139,0.233608919644356,0.118411142243601,0.022445798130714,1.2839745523511,"2022","1.25"
3,"ir",0.416030112037644,0.229230102246475,0.136884835195367,0.307880262036121,0.054714534392816,0.0983860900903063,2.07650067792405,"2022","1.25"
3,"rand",0.632675717025309,0.31005422823489,0.110171931645945,0.859946901650245,0.266724158553566,0.161320360669128,3.34681800366143,"2022","1.25"
30,"dt",1.70125779514442,0.461459492634541,1.02662664837439,0.738837753883314,0.53776875882011,0.157908676226461,5.36686747028983,"2022","0.5"
30,"fd",0.532037520146934,0.209644437585904,0.681278119381,0.670714963239909,0.3126011741826,0.103640523640324,3.26830273720438,"2022","0.5"
30,"ir",1.35334377267989,0.469549985034236,0.950620635051916,0.879467527297789,0.320817575087749,0.0609314118933704,4.98281013873763,"2022","0.5"
30,"rand",1.11972892849433,0.532065903193705,0.352190447743527,0.822990395809678,0.367751754414551,0.126319942953177,3.97197348699936,"2022","0.5"
31,"dt",1.2478660480194,0.712424164994144,1.86639499715127,0.812635853215622,0.757315489615872,0.117808143851467,6.34018406461704,"2022","0.5"
31,"fd",0.854793735971199,0.435609861258158,0.753316087409167,0.514391461541066,0.391465426735415,0.236675106846285,4.15408256211423,"2022","0.5"
31,"ir",1.53056331881154,0.38986873940167,1.1926632622285,0.990234007179752,0.414939567601482,0.0788723537613777,5.56010421194729,"2022","0.5"
31,"rand",0.586521323879723,0.235969719885946,0.16795268825268,0.387470694685963,0.115600652733249,0.0317451593033209,2.55699904967275,"2022","0.5"
32,"dt",1.00857865862406,0.307954325612188,0.131535854297808,0.954674856721842,0.234906436281169,0.29412343417269,3.74792849076509,"2022","0.5"
32,"fd",1.8617217405099,0.796387365648972,0.205425606439469,0.833750263111486,0.288544000609434,0.236571569267062,4.54706235620027,"2022","0.5"
32,"ir",1.20788933414601,0.246885365071898,0.192691865770677,0.676127630353407,0.0685746101159293,0.0441336077378165,3.4656389834703,"2022","0.5"
32,"rand",1.80962672956347,0.548854352312863,0.444796430790234,0.688708508188703,0.370975805982196,0.142478458905268,4.18938648191707,"2022","0.5"
33,"dt",1.16531081050366,0.42736170260371,0.480526317736422,0.646372807139217,0.595717168123024,0.144237006731904,4.334994322563,"2022","0.5"
33,"fd",0.574298713094787,0.529191879655941,0.0335111490067603,1.25155906170348,0.938226801928857,0.347536140431886,4.49338062477164,"2022","0.5"
33,"ir",1.26710676812435,0.327088044580851,1.77314755577303,0.950389639232666,0.776616699731239,0.160151545971352,6.02023369002919,"2022","0.5"
33,"rand",0.791198234647069,0.269089906877514,1.18986759040277,0.693587817478397,0.660636108429661,0.112196571117774,4.66465546064586,"2022","0.5"
34,"dt",1.74608588783188,0.283034725768432,0.0445522576420751,0.949689718316801,0.610354996488182,0.136659815124829,4.24222846846893,"2022","0.5"
34,"fd",2.03241904494882,0.395466207411136,0.0293690153630032,1.41652892707544,0.328414948374184,0.335729668268352,4.8792015110034,"2022","0.5"
34,"ir",0.990673939442132,0.730233188684444,0.0402002332191777,0.365311267838125,0.306082831702307,0.0551349781829876,3.3449537604614,"2022","0.5"
34,"rand",1.50306828429332,0.107365931542084,0.608989821655442,0.495870666341217,0.612942561814521,0.148081433178444,4.50150252235444,"2022","0.5"
35,"dt",1.14464866528289,0.180718810493586,0.0395578346853831,0.23731297842994,0.203112958507497,0.100620347740547,2.46096453631631,"2022","0.5"
35,"fd",1.34849387986165,0.409422689733877,0.0223230675602069,1.27014310895624,0.505576049695316,0.185975718151733,4.52806374120427,"2022","0.5"
35,"ir",1.07622862592636,0.142677951567065,0.127381850572559,0.434819219349499,0.0664612485485982,0.0376108414689359,2.60901973743302,"2022","0.5"
35,"rand",0.741134981118882,0.0911014934387805,1.18917127584752,0.851174185171774,0.34232941762499,0.0218853220673251,3.50194320950722,"2022","0.5"
36,"dt",1.18464380214632,0.198607285798657,0.161021532668825,0.723510846121672,0.100897427898759,0.0776346767373534,3.31845947025345,"2022","0.5"
36,"ir",0.751968065529173,0.0332151246618395,0.656879192693814,0.424372093306969,0.232601900396709,0.0382942267974283,2.13733060338593,"2022","0.5"
36,"rand",1.39165516968836,0.178059987279003,0.0604675126529193,0.849433205689257,0.0930363587287539,0.240307634678749,3.14341448823799,"2022","0.5"
37,"dt",1.02184807321183,0.19760210814426,0.147617399040258,0.613637547248194,0.130755624229824,0.0430861806721966,2.94187724928864,"2022","0.5"
37,"fd",0.920154495006144,0.141202317288857,0.105262558659207,0.407520878391242,0.0578056810095352,0.0372433368226125,2.2908001269061,"2022","0.5"
37,"ir",1.02392355555665,0.265611752994551,0.148922351349491,0.628889412905349,0.124422023688968,0.0469083519295384,2.96813516901278,"2022","0.5"
37,"rand",0.726272944214569,0.0699940451221327,0.0523976172506048,0.417666546879702,0.0936944361285463,0.0631998992279384,1.67245117285361,"2022","0.5"
38,"dt",0.901426388507507,0.18930918685372,0.0801087371648377,0.839341907830095,0.138891210296438,0.168897769400429,3.21381866140451,"2022","0.5"
38,"fd",0.701006602968135,0.420080939879452,0.0790791199634426,0.584126399145043,0.130820310558194,0.182184307495362,2.88086209420506,"2022","0.5"
38,"ir",0.812413711913178,0.291891778223585,0.313860597044715,0.469209623195643,0.144262372641524,0.0166591984057485,2.96594434024792,"2022","0.5"
38,"rand",0.707273677152402,0.348348493711364,0.150063639634779,0.847242519635112,0.127201703684526,0.188489694177043,3.33645061034817,"2022","0.5"
39,"dt",0.666471995139773,0.442171172813788,0.245650640387873,0.347127643703605,0.128643291628075,0.323384438306119,3.18144914229394,"2022","0.5"
39,"fd",1.05080790201969,0.313444066028588,0.154163105467601,0.617830499080107,0.115126317228325,0.128804050869854,3.22606013187063,"2022","0.5"
39,"ir",0.556876334424033,0.217471602602443,0.125381591959199,0.42271084538388,0.152119413123714,0.0544009351920387,2.20084331869892,"2022","0.5"
39,"rand",0.833797411627015,0.207233689682689,0.148746416431058,0.605473644302276,0.017090684280316,0.0373320954736315,2.6458932234605,"2022","0.5"
4,"dt",0.779144226581304,0.227156102162862,0.117449505406358,0.505068935320059,0.0880232685629355,0.206072445572475,2.69717918948835,"2022","1.25"
4,"fd",1.18277632057461,0.302999955135504,0.164400186569456,0.921318483854046,0.221452515231507,0.260536943397659,4.08154035138701,"2022","1.25"
4,"ir",0.427618422443945,0.249302379893935,0.125733682255192,0.283034412402873,0.164500005531804,0.0636272199798103,1.81945837941032,"2022","1.25"
4,"rand",0.400475358139582,0.277163800330083,0.112200938994595,0.232573048644205,0.0448271409271173,0.0334944840181448,1.91138669392877,"2022","1.25"
40,"dt",0.626859884350776,0.0846496435819058,0.0306134542211017,0.970546424170837,0.52992384982559,0.230918926136433,3.10493662351871,"2022","0.5"
40,"fd",1.23720407953773,0.418070389585909,1.21052205660055,0.411929268053752,0.282735121149338,0.360685442708876,4.29279341645968,"2022","0.5"
40,"ir",0.191984800729781,0.275378130337079,0.106003536119525,0.334550759412036,0.303915210352886,0.0667385966464433,2.07479031526126,"2022","0.5"
40,"rand",1.28434003351656,0.250058786849263,1.47360385584654,1.84817547784967,1.76840211549148,0.134854112771439,7.52095588563181,"2022","0.5"
41,"dt",0.614323688860123,0.175386696522964,1.13392754002246,1.39229225326374,1.02651186920542,0.262332593084221,4.72978612992951,"2022","0.5"
41,"fd",0.117511386577317,0.0699205171053225,0.773914707181332,1.22857501750722,1.55134954792215,0.106096778760975,4.44749008002887,"2022","0.5"
41,"ir",0.235039477840316,0.138640655676475,0.0357029717364004,0.225760644036458,0.385728116619216,0.0736358332938915,2.05344887567335,"2022","0.5"
41,"rand",1.14476529213312,0.0937176586357137,0.135853797897521,1.02053467511699,0.435190481753601,0.298453157978016,4.12871860513922,"2022","0.5"
42,"dt",1.51934359111132,0.426363608418474,2.20452092603043,1.17791391367259,0.938983513259584,0.282551992888032,6.84289021506368,"2022","0.5"
42,"fd",1.84021766920124,0.489995761044506,3.25746742648034,1.33883233621385,1.36389764871181,0.193040860357214,8.9831424729811,"2022","0.5"
42,"ir",0.778438536656955,0.357255135950479,0.0383648268255767,1.03462543156855,0.616499462284944,0.158053187837354,3.84055390251609,"2022","0.5"
42,"rand",0.708059395037071,1.75428879256459,1.69591741656451,0.410303703704656,0.527233020470155,2.69565153943531,8.03626757598671,"2022","0.5"
43,"dt",0.591913403069821,0.0351263572466284,0.00192124109087643,0.935010945704733,0.431282726191291,0.128444936961889,2.67276267039234,"2022","0.5"
43,"fd",0.804279960512305,0.19641804970398,0.0304691531109442,0.522437352605886,0.0902515337967758,0.125498294866474,1.76935434459636,"2022","0.5"
43,"ir",0.709785925071638,0.218943986080961,1.47450581204478,0.598749651882297,0.730316415396578,0.105036476975608,4.41600851853424,"2022","0.5"
43,"rand",1.41881627438479,0.369889132647222,0.933572207552508,1.61015681699821,1.12024674212498,0.187558697962455,6.52166924272654,"2022","0.5"
44,"dt",0.686697861106418,0.390603500579554,0.022207204028311,0.853818281718582,0.389649082618554,0.354200228990794,2.83698388268569,"2022","0.5"
44,"fd",0.626734392300769,0.193630579652426,0.00140478668161336,0.402546496634088,0.0664804260407251,0.092079831755643,1.4364959525308,"2022","0.5"
44,"ir",0.333050592672447,0.461594507818466,0.547425955720667,0.26601980962274,0.260156871657951,0.0494590694493232,2.31273982014688,"2022","0.5"
44,"rand",0.596947893146613,0.402844247036103,0.870712632944332,0.599559512964989,0.777815200567091,0.102604267844318,4.0478719935677,"2022","0.5"
45,"dt",1.7839132848844,0.371456976759061,0.076040951188194,0.873478976641654,0.16610630276821,0.30811819894204,4.27437279442486,"2022","0.5"
45,"fd",0.440409357078239,0.075982144897038,0.0292028770903818,0.190416899371428,0.0928889843040256,0.0729282318005704,1.12551178474242,"2022","0.5"
45,"ir",0.613324530314007,0.238682095264375,0.0906222466725732,0.330026725215995,0.277250816065817,0.0933307206243095,2.22451026392033,"2022","0.5"
45,"rand",1.27495248796809,0.235268027095602,2.74881277169974,0.803774578118225,0.854999983359929,0.250056182650297,6.44175358671421,"2022","0.5"
46,"dt",0.276766751583465,0.0631630133645219,0.705140478451676,0.334399596847762,0.277444732229415,0.0504100677309746,1.74903152704418,"2022","0.5"
46,"fd",0.365454968717188,0.0737902725153672,1.24036526662132,0.461060836562306,0.528026958306989,0.0584235268347554,2.91271749893996,"2022","0.5"
46,"ir",0.08595596287845,0.0509515958276144,0.151795776948722,0.0877684380220405,0.0796934285180563,0.0147526105829182,0.593458665853726,"2022","0.5"
46,"rand",0.695451113569972,0.0635721239509398,0.0160920453891273,0.289768059630855,0.182722243915234,0.0210495896840055,1.32227461560567,"2022","0.5"
47,"dt",0.33436329938426,0.238569300844542,0.147770863987138,0.19440102832397,0.223638501410483,0.0615371368935281,2.20048367246818,"2022","0.5"
47,"fd",0.254640200406601,0.172011460379731,0.12305794636394,0.208634817915172,0.106570729205373,0.0216094301394486,1.47978600996347,"2022","0.5"
47,"rand",0.589026742453502,0.327013988945421,0.0862239123480563,0.761494496781273,0.0938645553649953,0.222761598095845,2.92869901947929,"2022","0.5"
48,"dt",0.449086751686763,0.0763424306990746,0.0523452500888461,0.41060087397962,0.166949246253607,0.231891703969203,1.66110581249944,"2022","0.5"
48,"fd",0.527695569247852,0.137414178231872,0.10080174481599,0.634004300414282,0.151331178904754,0.0300502336754871,1.58129720529024,"2022","0.5"
48,"ir",1.0146263077763,0.151325169293593,0.165284628504738,0.579835663071582,0.00172988539396637,0.00140804205776238,2.75694679093588,"2022","0.5"
48,"rand",0.463194524297539,0.304761970484505,0.0514607837609111,0.151983750679975,0.217927595003513,0.110755883199683,2.0138099976222,"2022","0.5"
49,"dt",0.22125765062137,0.0899670959518762,0.675311466152534,0.6037814441278,0.18132441176316,0.0449627553084253,2.16259577415141,"2022","0.5"
49,"fd",0.998046562221021,0.269563167013455,0.172641930935032,0.614310865580492,0.0305657626153559,0.0498181529167877,3.1453439596645,"2022","0.5"
49,"ir",0.943041949764023,0.193289343864452,0.141892437470866,0.748603900834211,0.0717416620710668,0.0871219302905815,3.15952075610792,"2022","0.5"
49,"rand",0.231190179180288,0.0036392142335332,0.0144465455150028,0.253977005029871,0.0746345606012706,0.0147543651426115,0.592641869702577,"2022","0.5"
5,"dt",0.783699888746419,0.434099315452882,0.844836754918725,0.658824808481443,0.592023934904912,0.175316429783423,4.50958028962548,"2022","1.25"
5,"fd",1.09251270974946,0.201530729720039,0.148358009360627,0.792333081874407,0.244398471278944,0.334169538081994,3.83848636359489,"2022","1.25"
5,"ir",0.27174211716204,0.247169643909418,0.251610204704918,0.33312905245664,0.304363738142194,0.0547385134255216,2.3765770603647,"2022","1.25"
5,"rand",1.25674538494005,0.352389556897598,1.82493961886756,1.02055619942996,0.772962734372893,0.203557055310932,6.44593983037053,"2022","1.25"
50,"rand",0.947459452115377,0.177539101418283,0.155279638385399,0.546484831486003,0.0309413189232191,0.00484764949297976,2.73683198737336,"2022","0.5"
51,"dt",1.045413710763,0.245295440259406,2.43827828483371,1.21662575827973,0.742293062238508,0.0324434996971703,6.11662814255618,"2022","0.5"
51,"fd",2.28542020905466,0.323901508457038,0.866873444153538,1.58385454367734,0.532575238648571,0.536635827311312,6.59333618294474,"2022","0.5"
51,"ir",1.24782541976969,0.351790342796446,1.1307002030607,1.27973387365562,0.83510852341571,0.0088179593221156,5.8860518235458,"2022","0.5"
51,"rand",0.592452398324599,0.375115758062321,1.10561625617295,0.808632654997698,0.368200478854086,0.261600880033939,4.25188418417467,"2022","0.5"
52,"dt",1.47895981333997,0.103022039800336,0.0332751226381213,1.2798641119547,0.286703000864027,0.647323208293214,4.74679435571389,"2022","0.5"
52,"fd",1.11402740466537,0.320309473806509,0.540663472342765,0.879591413562019,0.365623222313138,0.226743760252628,3.96809164454591,"2022","0.5"
52,"ir",0.76006264709209,0.498628077111976,0.0483033021072554,0.398995996619148,0.0887236343327599,0.0626009136684672,2.36295682783446,"2022","0.5"
52,"rand",0.879648306542221,0.264026716700763,3.48679487274869,1.30827296458212,1.04971429507509,0.141706049968598,7.13016320561748,"2022","0.5"
53,"dt",0.962003569772937,0.371195099764282,1.08086109326481,1.50704519824789,0.98311722299743,0.325507540192114,6.18380511621099,"2022","0.5"
53,"fd",1.34003421236768,0.443084316701939,2.66116554074547,2.35958740035047,1.57349146136204,0.162136791906598,8.73564678225774,"2022","0.5"
53,"rand",1.9764481045765,0.505029378821376,1.6836350412546,1.02471062202263,0.586753331656328,0.186621163734978,6.01546008550533,"2022","0.5"
6,"dt",1.07326123220278,0.3685875641861,2.54413135420492,0.88664355530527,0.85249111482758,0.0781604877417142,6.52334148493895,"2022","1.25"
6,"fd",1.40086665022171,0.29950052669832,1.12453142893153,1.04532799392852,0.718178816168586,0.400882798516751,5.82983955390726,"2022","1.25"
6,"ir",0.729209839420917,0.448549911476891,0.0828059596268982,0.47675084636663,0.352586712631943,0.200215785880633,3.29615468764989,"2022","1.25"
6,"rand",0.697568586739105,0.583251081746964,0.127690515433295,0.612593226090894,0.426398050280668,0.108488867309938,3.43885461749413,"2022","1.25"
7,"dt",0,0,0,0,0,0,0,"2022","1.25"
7,"fd",0.961010697531544,0.550059509614461,1.96982639563448,0.88452497872087,0.760736102879581,0.231267123979733,6.09613069071361,"2022","1.25"
7,"ir",0.545996487647334,0.360501611735578,0.0724827248871154,0.278869119059834,0.197603479041483,0.057466333657234,2.04439125354554,"2022","1.25"
7,"rand",0.483430758012884,0.414435638663142,0.114216534615653,0.429168260577639,0.325832517346693,0.0783178374408834,2.85900898148234,"2022","1.25"
8,"dt",0.680347021920612,0.239449139836361,0.948130211941638,0.667793144636036,0.580848857071954,0.0430772091646862,4.1834666832587,"2022","1.25"
8,"fd",1.09858263965577,0.198569658202233,0.189445850876337,0.576218272612886,0.0951773935429243,0.0430819284941617,3.21077073249106,"2022","1.25"
8,"ir",0.668888224432127,0.113033142150252,0.0854021658491605,0.389549855424575,0.038214267384543,0.0226848701819541,1.7994764101074,"2022","1.25"
8,"rand",0.0042213844483431,0.00616716114546413,0.0721624539819176,0.232323129158784,0.113073899011427,0.0576230185525741,0.48557104629851,"2022","1.25"
9,"dt",0.935302549852036,0.169965491850805,0.474417023280046,0.835493791762149,0.638050403335603,0.111998904859488,4.1415949923992,"2022","1.25"
9,"fd",0.761215951659416,0.114086886075261,1.21919328384834,0.749177395875515,0.479396807944514,0.0762001941892368,3.93091911653105,"2022","1.25"
9,"ir",0.360565756614748,0.0833403427268903,1.03020488658669,0.427625444183839,0.28734551147029,0.0669206356999789,2.54314014699176,"2022","1.25"
9,"rand",1.20578926145055,0.186346678154325,0.699993561796449,0.721982071526845,0.259413473131123,0.0382534265244985,4.12656775313533,"2022","1.25"
1,"dt",0.253917938369486,0.236940564231612,0.454360766524724,0.215637275963685,0.157511722999819,0.0583385223704705,1.5844314069682,"2023","1.25"
1,"fd",0.630498738764232,0.786203065346809,0.102502188330436,0.637277088709362,0.390332411882736,0.27296887968154,3.22101694061635,"2023","1.25"
1,"ir",0.0236518708872066,0.0849709114252358,0.0197859918753366,0.045097734496989,0.0430440438225785,0.0128358046443964,0.363159278122817,"2023","1.25"
1,"rand",0.215457421066633,0.0656332474239929,0.749863695341149,0.217661853789016,0.208697364590664,0.0667899250225491,1.668993767865,"2023","1.25"
10,"dt",1.01114891930325,0.221566284697391,0.155647280942959,0.588872346802707,0.301252642517397,0.205677898089842,3.496822877832,"2023","1.25"
10,"fd",0.848162010072253,0.361260421180717,0.16635927291238,0.473021915673277,0.0689389556940808,0.158637411418266,3.08523697362319,"2023","1.25"
10,"ir",0.528296896622229,0.403193384426922,0.108792171749695,0.322469302015131,0.261261723141787,0.130393740070356,2.68712405476081,"2023","1.25"
10,"rand",0.787261966534926,0.290004280158036,0.269598428778765,0.513170556852866,0.122676140210356,0.144888935206958,3.07974874524191,"2023","1.25"
11,"dt",0.27357039536059,0.153173880773521,0.124042569224083,0.416278047930774,0.0314313766469497,0.0152110331580964,1.01370730309401,"2023","1.25"
11,"fd",0.336962061940844,0.318662588276804,0.128627202044979,0.493623956691017,0.444486180791624,0.211796541770716,2.79835076757127,"2023","1.25"
11,"ir",2.1199016983559,0.396620962496729,0.0547065666574535,1.22089229166438,0.091658480152405,0.910180906953011,4.79396090627987,"2023","1.25"
11,"rand",1.00311567857651,0.467565910380187,0.153144311360839,0.63057204831151,0.231089776036899,0.255818183487708,3.74853731311233,"2023","1.25"
12,"dt",0.280391290302492,0.0433154292831539,0.0461022181345845,0.101700779905802,0.0536469982285653,0.154537097764232,0.993991572000104,"2023","1.25"
12,"ir",0.381976078227619,0.231179763743266,0.116877484676386,0.269231708051146,0.0769517374819954,0.13344622619169,2.03874463102516,"2023","1.25"
12,"rand",0.981797326704449,0.324457279822116,0.116215905389831,0.783523627221541,0.184802139176624,0.821724288856555,3.98709321674376,"2023","1.25"
13,"dt",0.336608998520864,0.141523861229768,0.0162297345836718,0.408374825736915,0.226764339485292,0.719146028714828,2.21427278827134,"2023","1.25"
13,"fd",0,0,0,0,0,0,0,"2023","1.25"
13,"ir",1.93219717236485,0.455267495191113,1.86994151194147,1.02624618113955,0.646634261122874,0.877433944310901,7.66084556607076,"2023","1.25"
13,"rand",0.406757251046972,0.0776260236141721,0.0122043841325477,1.2613668561614,0.978374963504904,0.280342643209532,3.95675476629763,"2023","1.25"
14,"dt",1.32147702323747,0.399944386800962,2.27457745244828,0.840879368219307,1.0338518635104,0.754316400851421,7.57155523797898,"2023","1.25"
14,"fd",0,0,0,0,0,0,0,"2023","1.25"
14,"ir",0.786856014725726,0.261636521756971,2.64767241778766,0.685519019084945,0.695280636807182,0.151363614765825,5.22832822492831,"2023","1.25"
14,"rand",1.11830694624994,0.182758761713717,3.51170538626188,1.1965755171837,1.78856029134421,0.394136697471388,9.04516860022483,"2023","1.25"
15,"dt",1.58219266249472,0.272250701739196,0.0545522159120308,0.794512946398577,0.25167427631222,0.409534313748746,3.86676186969191,"2023","1.25"
15,"fd",0.947795934192544,1.04664349900326,0.7021136851404,0.772531578732734,0.200338168251447,0.512966359937761,5.17816908420138,"2023","1.25"
15,"ir",1.44440031907585,0.408849501657834,1.92533790328268,0.746909651539437,0.570952775824992,0.27682515215325,5.73890030353405,"2023","1.25"
15,"rand",1.57537382269455,0.311046375356149,0.36270066246546,0.948394776031896,0.263108831430827,0.719708216330513,4.91729413555657,"2023","1.25"
16,"dt",0.990977333695822,0.346966327994888,0.0958861243351863,0.356466819715984,0.26618357214495,0.235767567233866,3.30485105090582,"2023","1.25"
16,"fd",0.920831768946551,0.210719544159026,0.00753118135979569,0.366115089557382,0.272549939444194,0.131566656807048,2.25641279187955,"2023","1.25"
16,"ir",0.794763725867023,0.247189027899749,0.0841182553766451,0.486737984315438,0.507422366455264,0.213456326699613,3.34810504689911,"2023","1.25"
16,"rand",0.987533535591285,0.241040680952348,3.41878255861212,1.31815590229133,1.03366934068027,0.247233927905011,7.41536679669399,"2023","1.25"
17,"dt",0.91355715444998,0.35292700897218,0.735059705154327,0.611102753348687,0.471477577299419,0.16451537989302,4.20417281505625,"2023","1.25"
17,"fd",1.14730969918384,0.937925895966999,0.0650890312604877,1.19596664253537,0.707130765904756,0.317830129768439,4.9755910075951,"2023","1.25"
17,"ir",1.11714026924099,0.33715298538586,2.40385428950124,0.816252626128524,0.966915193874235,0.487230337446299,7.09352826355283,"2023","1.25"
17,"rand",0.776069028494837,0.376231694037469,1.53712014476435,0.461664011461865,0.555214260721671,0.176035976716921,4.85733511619712,"2023","1.25"
18,"dt",0.857859340341098,0.223025993994194,3.0317949642786,0.73487234947215,1.06353023734635,0.265883714941882,6.77194503386118,"2023","1.25"
18,"fd",0.682031828533238,0.154827292630167,0.126133938194867,0.516320471669287,0.207075957781996,0.535504212269413,2.73986245107897,"2023","1.25"
18,"ir",0.788066030667128,0.312605056192048,0.157732452659004,0.565132217767273,0.19737712312573,0.273245200802545,3.21362923505988,"2023","1.25"
18,"rand",0.95208244986711,0.62357193909114,0.161117100773052,0.60420288194186,0.163152578019827,0.224879591159929,3.74463154085292,"2023","1.25"
19,"dt",0.414960637338125,0.213047047629987,0.0784720847053825,0.30430445298587,0.311535871711475,0.175939585883362,2.20042017408136,"2023","1.25"
19,"fd",0.773038080129053,0.23444429693774,0.0772863342701584,0.306627105448548,0.288978660442217,0.206794419926907,2.90263116281718,"2023","1.25"
19,"ir",0.734872595659407,0.119618674868847,0.125585395761971,0.448206117659912,0.276653803788789,0.338582415506321,2.62132994090467,"2023","1.25"
19,"rand",0.962544565118766,0.38830432761924,0.0790342838812882,0.279126414960431,0.33071601215771,0.246922242307614,3.29504892022127,"2023","1.25"
2,"dt",0.138551442181172,0.0550260662899658,0.0550688592574009,0.0766494177075615,0.0632841750557031,0.0588566429238661,0.447436603415669,"2023","1.25"
2,"fd",0.358245543534001,0.249260019876558,0.0747293763826134,0.265161885697807,0.0724670158731033,0.196840438639638,1.56976918384987,"2023","1.25"
2,"rand",0.558439472961027,0.345896339703257,0.364334193959556,0.241494811562782,0.178442485128754,0.517484407499211,3.16373326457761,"2023","1.25"
20,"dt",0.298524636500286,0.0683419945864844,0.0790146073466902,0.525014114143702,0.352395140676344,0.39701383643818,2.09813563086648,"2023","1.25"
20,"fd",0.770602724355306,0.24650315748732,0.152835928799944,0.507878273719855,0.152161389066012,0.247291345327619,2.88601860934263,"2023","1.25"
20,"ir",1.64319497702081,0.692555251980264,0.0262356597604396,0.505656698416672,0.276305604443486,0.252957215491371,4.11399061541614,"2023","1.25"
20,"rand",1.05110550183051,0.440561892432866,0.0499302530422609,0.463689431493061,0.431623584998997,0.272811468569437,3.71877220503195,"2023","1.25"
21,"dt",0.978138513895155,0.244733115826052,0.116401657896035,0.486680728141981,0.292936752585151,0.191349850098314,3.23800878453265,"2023","1.25"
21,"fd",0.995538171059621,0.275629955755907,0.121181153053961,0.466836701326812,0.224415148281746,0.248512258358827,3.29365184937533,"2023","1.25"
21,"ir",0.789863387251678,0.284717509665345,0.125620613463357,0.548527221366352,0.272890933039281,0.435758030507382,3.45476052024823,"2023","1.25"
21,"rand",1.20728370262446,0.238385871064806,0.175256263399053,0.704697869387652,0.146430203380966,0.26758363591773,3.75188213712082,"2023","1.25"
22,"dt",1.27694762560369,0.372915251519985,3.45755510148723,1.46075662736434,1.46303621220139,0.441520057912067,9.19778495937697,"2023","1.25"
22,"fd",0.855143858039801,0.627582640800778,1.39345899072361,1.60719236441084,1.52755864497025,0.232572161455202,6.81868712559977,"2023","1.25"
22,"ir",1.18888620676395,0.243908461286949,3.43261674228547,1.3050922253617,1.11761824065917,0.245267255687773,7.79591565596478,"2023","1.25"
22,"rand",1.60177149127463,0.33481462981896,3.10142426000873,1.05755330692605,1.30633648302949,0.549415423290116,8.62134597629242,"2023","1.25"
23,"dt",0.886949631220408,0.101315885787642,1.95726150728025,1.12740262989126,0.53279457132116,0.378770314294441,5.04896189151212,"2023","1.25"
23,"fd",1.27877124034333,0.240367055304855,2.79126566378118,0.83615825334578,1.26866126649951,0.496917568889146,7.48995198582322,"2023","1.25"
23,"ir",1.04157997687303,0.487479824059016,0.0121122944524128,0.994151671755306,0.433093095092827,0.276783114123476,3.68953591385607,"2023","1.25"
23,"rand",0.455221924846601,0.145028330873323,1.48489239084305,0.423261113281602,0.504747300862081,0.132033923494705,3.30958688858541,"2023","1.25"
24,"dt",0.936588767596469,0.0917953923488833,1.86130413640068,0.15733018381996,0.256193639342569,0.357871568154658,3.66108368766322,"2023","1.25"
24,"fd",1.04307252146544,0.409950644488449,3.12961731243342,1.08922814243996,0.867011836978792,0.147221214882678,7.02184547434163,"2023","1.25"
24,"ir",0.602540194979191,0.137047644538423,3.40280458760525,1.44121615939247,1.00464255720647,0.154408944805595,6.89572621693956,"2023","1.25"
24,"rand",0.604935488468877,0.263036010461831,0.0412462907533686,0.957983339500447,0.710722210823495,0.765610553433484,4.3185338934415,"2023","1.25"
25,"dt",1.22931301533583,0.502525392511041,1.01095147201487,0.964091074548315,0.498031409497703,0.487579322578425,5.70772621166881,"2023","1.25"
25,"fd",1.50630137540736,0.520768648727029,0.00577229597985051,0.357282843460046,0.0999297907313579,0.233668292521391,3.38903566809183,"2023","0.5"
25,"ir",0.568988835134826,0.439392409962686,3.21824005763702,1.26496195423528,1.03861067782716,0.410504560956168,7.80471418531925,"2023","0.5"
25,"rand",0.313287983522857,0.0287788774276253,0.125688422523439,0.203426493684132,0.152575848390846,0.839844264122009,2.6623174203681,"2023","1.25"
26,"dt",0.714834011849914,0.183234089353267,0.83645196078312,0.701787220507534,0.362253792422315,0.0909673703470323,3.20707355447496,"2023","0.5"
26,"fd",0.534798517111079,0.138339380980597,2.62523315933018,0.889521545910551,0.727597811952421,0.220169196905523,5.13565961219035,"2023","0.5"
26,"ir",0.778853893678698,0.0987548200408849,0.951337102207091,0.463451260867993,0.300625889381259,0.113198261821116,2.96874775191679,"2023","0.5"
26,"rand",0.89287868088623,0.457843771126186,0.0953460389936501,0.374210369664717,0.0570459397132926,0.149157046795081,2.53605148385736,"2023","0.5"
27,"dt",0.508497906507627,0.108371233414052,0.455884821850148,0.391207266078593,0.142924932009324,0.120673644527493,1.72755980438724,"2023","0.5"
27,"fd",0.789125163998241,0.306118007509335,1.78304978251309,0.912832647670774,0.507954364546885,0.140765058368832,4.43984502460716,"2023","0.5"
27,"ir",0.190223285387395,0.028036065441952,0.299304704558972,0.237681808354751,0.0770271612481462,0.115778053858071,0.948051078849288,"2023","0.5"
27,"rand",1.25305627883812,0.284569892761742,2.41106910710034,1.09768370870557,0.683450722057542,0.185200098879686,6.43729794424749,"2023","0.5"
28,"dt",0.445913523897778,0.0781202656435614,1.49709808651224,0.766781462588418,0.447504538157673,0.168032711394507,3.46545858050234,"2023","0.5"
28,"fd",1.5963181698141,0.519437001750075,2.31523922083377,1.14713788562331,0.767302970958396,0.305282719024937,6.72881293148018,"2023","0.5"
28,"ir",1.55842123479656,0.588757260828315,0.0669889976258409,0.445331529317266,0.109511842195545,0.311968043310637,3.08097890807416,"2023","0.5"
28,"rand",0.877208122397172,0.183180079240473,1.39510133939852,0.815481101177934,0.433875750883094,0.283645681028078,4.10124717616609,"2023","0.5"
29,"dt",1.91571946250563,0.263088999878927,0.712670415080144,1.22625341899368,0.302814343195311,0.920308738011197,6.10257412766488,"2023","0.5"
29,"fd",0.231044545896564,0.0520062386935144,0.0153193529834182,0.212659995837074,0.0241493280093882,0.0486824389861958,0.698740776831832,"2023","0.5"
29,"ir",1.71913278057833,0.647218674168529,3.44463091642816,1.67713499661464,1.1552633356173,0.383245675959155,9.02662637936611,"2023","0.5"
3,"dt",0.646446665111142,0.302609248466949,0.541588950936136,0.44272185760251,0.12912138229915,0.130074629930833,3.0953405121245,"2023","1.25"
3,"fd",1.01988980858047,0.531533135092503,0.160933456478814,0.736391390196286,0.176255517101208,0.141187046626009,3.6539374924728,"2023","1.25"
3,"ir",0.305612543581665,0.107739476736377,0.414428651475915,0.271673250569875,0.122378190769217,0.172146468579677,1.67261369831081,"2023","1.25"
3,"rand",0.548210983830251,0.243958864846884,0.0618958353805202,0.35469578281776,0.19540283940724,0.197081985146892,2.23973124626353,"2023","1.25"
30,"dt",0.902313318362373,0.232974796004255,0.875041776673172,0.536745823663765,0.333233321687999,0.218684846403954,3.54814065414626,"2023","0.5"
30,"fd",1.14810620387436,0.309016914952522,0.107627043030936,0.493148358228235,0.0488302589804213,0.180844812821767,2.77344357645614,"2023","0.5"
30,"ir",1.17192375084279,0.310463075177082,1.67668796208311,0.994286438578628,0.492944460699268,0.214549862116942,5.4694953946287,"2023","0.5"
30,"rand",1.97811663723422,0.762067452729798,0.0692756527292311,0.557426982788921,0.147967043468299,0.368273443155515,4.22445522993863,"2023","0.5"
31,"dt",0.782750573451112,0.358069039408485,0.77946929409828,0.500424412516125,0.238095984140758,0.179256683179759,3.39732815319954,"2023","0.5"
31,"fd",1.42285729944629,0.629321516815488,2.86569196806839,1.0372854680513,0.991008945485188,0.278134822365599,8.01650183713256,"2023","0.5"
31,"ir",0.43581419726156,0.109110987658205,0.615649988453707,0.355879552343004,0.172396842169086,0.0770309120509994,1.83471794367021,"2023","0.5"
31,"rand",1.09740253000391,0.38588795888404,1.14579354427713,0.686737030412538,0.356036064544275,0.2227228252911,4.21212506262477,"2023","0.5"
32,"dt",0.953661298186973,0.361674494944929,0.113914491318065,0.621990913375093,0.120089811391245,0.460747040372291,3.49303321020728,"2023","0.5"
32,"fd",1.08866784709485,0.365565123559488,3.26146183242558,1.13455953506535,0.955565076918537,0.324801828321706,7.32177897301986,"2023","0.5"
32,"ir",1.25105675464348,0.570123757870384,1.20527191631198,0.956956298404075,0.506621262487199,0.286675180356357,5.74842362904809,"2023","0.5"
32,"rand",1.490497732495,0.672046587716497,0.0813402282884558,0.466464517111716,0.148742673712118,0.2943913309002,3.47922875311253,"2023","0.5"
33,"dt",1.18941681099992,0.343771070938801,2.27903405561287,1.06034620310193,0.85324397490593,0.287033104775745,6.31404514229149,"2023","0.5"
33,"fd",1.06095446017445,0.48923807612682,2.34513737914567,1.80697052871232,2.07706075490394,0.309910379187344,8.99706415494541,"2023","0.5"
33,"ir",1.03161021910884,0.260801032156952,2.44175243341016,1.21110071632126,0.775733194934966,0.175494921578473,6.36417792748794,"2023","0.5"
33,"rand",1.12193787138032,0.293876800932517,3.1780175841461,1.18058328772114,1.04665959007443,0.263595192451381,7.49589481650182,"2023","0.5"
34,"dt",1.63303429339926,0.429734522472231,0.0436729969568793,0.589102978200444,0.24118301313287,0.35140891359743,3.623880519412,"2023","0.5"
34,"fd",0.86498804182336,0.230959920667727,1.95223550307569,1.30414355008599,1.01274181387695,0.248013626307123,5.86586023361462,"2023","0.5"
34,"ir",0.326178279904881,0.207687886386138,0.400341237342059,0.172046785291658,0.181769842207672,0.056831641837407,1.52909603578161,"2023","0.5"
34,"rand",0.992499712781501,0.299200778487556,1.55124168857474,0.717166962471633,0.60087640335977,0.25916135074972,4.76147491425757,"2023","0.5"
35,"dt",2.05938279075687,0.600760340417155,1.69486118110583,0.943003909438479,0.783592894055046,0.400962531239554,6.9573627704607,"2023","0.5"
35,"fd",1.72475699911475,0.398560961391095,3.2070198963439,1.32783836868995,1.06780224013326,0.625058903950952,8.61526178157559,"2023","0.5"
35,"ir",1.32288399367814,0.338470236637888,2.73279550253653,1.28553682281123,0.941039499827538,0.22835057528004,7.59088852980982,"2023","0.5"
35,"rand",0.892680901375084,0.298516981289626,1.8778593463005,0.961390279359199,0.541703117188956,0.149501281782211,4.8118830539898,"2023","0.5"
36,"dt",0.996822380707489,0.225372173001978,0.136120421686917,0.489833423709406,0.0118307054087362,0.0754834612180885,2.64891814424501,"2023","0.5"
36,"ir",0.85279186460754,0.573692624241825,0.0968792968505783,0.497897098685108,0.0370457816794714,0.0981001099555483,2.88737563415156,"2023","0.5"
36,"rand",0.46580630472312,0.126750381682751,0.0805171575829354,0.385807489469998,0.0509205933784235,0.122027042378921,1.38547302650426,"2023","0.5"
37,"dt",0.909257196424443,0.178133314890608,0.191662208875322,0.516676958850956,0.149303490384334,0.208761008149311,2.15379417757497,"2023","0.5"
37,"fd",0.863048408932531,0.203812949975157,0.0495545873041503,0.412961937724285,0.0877380425362094,0.241987181972433,2.04099243775426,"2023","0.5"
37,"ir",0.549269363059992,0.178284830864965,0.0452444870485257,0.294905150406962,0.053770304691052,0.187423796391773,1.43841127626233,"2023","0.5"
37,"rand",0.698323975462054,0.162063401747144,0.0672851056070046,0.365245625108415,0.0671834801451052,0.142030026382857,1.73342178892457,"2023","0.5"
38,"dt",0.914437094174625,0.225074976666296,0.362468030656822,0.525572932363845,0.182629076996639,0.103919520478346,2.31410163133657,"2023","0.5"
38,"fd",1.04477339228589,0.489094583610924,0.0795905058916604,0.472627983302749,0.0686776289658475,0.294709376649374,2.88555985339885,"2023","0.5"
38,"ir",0.89760603801943,0.312093916239784,0.151371180387177,0.593452034505457,0.188483076862319,0.0785949870138535,3.23701291124688,"2023","0.5"
38,"rand",0.995332053864019,0.363073099836962,0.149561603454775,0.69936566461849,0.172666570490384,0.070706482650604,3.0089827212795,"2023","0.5"
39,"dt",0.573504051618245,0.27837597016997,0.125908392120723,0.365146393735707,0.0337845887688456,0.16327284517698,2.17100185697509,"2023","0.5"
39,"fd",1.06226261866789,0.21221993119604,0.149762259402125,0.614105120658299,0.026848482963435,0.145971520533539,3.00670259543084,"2023","0.5"
39,"ir",0.755157581649967,0.248470264123766,0.1272406471401,0.454128832479562,0.0711457948541402,0.170649798861499,2.54566846695418,"2023","0.5"
39,"rand",0.820040245868643,0.220166521178903,0.383222596935907,0.500144976635421,0.133473954665442,0.105821875469505,2.58191220815592,"2023","0.5"
4,"dt",0.487991025570848,0.123926949901264,0.0884174987542601,0.281719879938887,0.0308031897060195,0.0601415149066272,1.54449012148383,"2023","1.25"
4,"fd",1.09360149338449,0.232885865061792,0.161016849181354,0.659659967400128,0.222828583197802,0.321024793403941,3.70146079142542,"2023","1.25"
4,"ir",0.217223876407445,0.115721398682844,0.115041397384528,0.258827465088075,0.0867852185472193,0.0760573325141021,1.37254579873502,"2023","1.25"
4,"rand",0.515374974078293,0.327125876394418,0.153093432951792,0.31179807052115,0.00910860182500758,0.114943460471769,2.33422219402021,"2023","1.25"
40,"dt",1.25969960632974,0.35106409059382,2.53414570167803,1.25517424661718,0.926271511262334,0.30256223311405,7.18259505319711,"2023","0.5"
40,"fd",1.4494844535419,0.364203946984399,1.83240409597875,1.2093720170252,0.544037138390818,0.390060180004423,6.02417721654088,"2023","0.5"
40,"ir",0.732658809954737,0.301170110036137,0.00697903534065477,0.179952215567494,0.0905826745878006,0.157865661347363,1.5594396535284,"2023","0.5"
40,"rand",0.771174769181865,0.137209549926924,0.015300128990192,0.167211081459329,0.11349088620661,0.183631215549189,1.67246724104781,"2023","0.5"
41,"dt",1.1505083768423,0.147070620712989,0.0268508792277826,0.470888843029112,0.168400711454509,0.215145496034977,2.34238621817096,"2023","0.5"
41,"fd",0.629838703451521,0.202511456590222,1.31076865574046,0.508225569782118,0.567111239249319,0.152372806251232,3.74646611838552,"2023","0.5"
41,"ir",0.606973872893014,0.0811433317145635,0.43848165287144,0.48994927301431,0.426841978239937,0.0915015036494743,2.48004542097649,"2023","0.5"
41,"rand",2.06216579904433,0.636838722723155,2.40594555021107,1.53709649962022,1.21088702946045,0.494221096494615,8.81136002996381,"2023","0.5"
42,"dt",1.24159813643312,0.300511718057714,0.034292071589207,0.72710219515721,0.418721592879065,0.285861435953406,3.2608649278475,"2023","0.5"
42,"fd",1.14127063487696,0.435352799104661,2.00634812803762,1.14852146258725,1.39508616249298,0.336389987606923,7.07596643122217,"2023","0.5"
42,"ir",1.36470508465802,0.277534131729514,2.62890592198781,0.99413524085623,1.13322165781517,0.545739543700917,7.63851648309141,"2023","0.5"
42,"rand",1.95869501398987,0.236332603529731,3.37175494987722,1.0437593103084,0.708667986524706,0.867985277192321,8.18719514142226,"2023","0.5"
43,"dt",0.635932544620104,0.0708541924971121,0.0137140169540763,0.3578586235562,0.0997838784488193,0.224843879400349,1.49814713547666,"2023","0.5"
43,"fd",0.26700917390901,0.0773231075370436,0.0364076296807924,0.198815487296168,0.0491864262963581,0.124786338801395,0.786825069469814,"2023","0.5"
43,"ir",0.432071753635242,0.182106329450371,0.00371855404957489,0.391687607547777,0.327091022777972,0.279029643541081,2.6187913307551,"2023","0.5"
43,"rand",1.09309275868879,0.251267168379045,1.25789725887115,1.16009107083732,0.91270256034831,0.253540514924831,5.92246588588644,"2023","0.5"
44,"dt",0.731891217951071,0.489815968399094,0.0809149997985666,0.567855029274191,0.392893027740149,0.261486902815999,3.03442678265727,"2023","0.5"
44,"fd",0.367410716291569,0.343935734868476,0.0319149235187999,0.288086227082043,0.144638150663237,0.149925265828061,1.51887976825219,"2023","0.5"
44,"ir",0.599913360658645,0.173738907426813,0.0783355959629207,0.391010747624299,0.09196419413349,0.208552528444987,1.6123507979848,"2023","0.5"
44,"rand",0.391644268320522,0.338599843881503,0.053431287734006,0.717171486233809,0.9008752563236,0.175308661372948,3.53757687254719,"2023","0.5"
45,"dt",0.990340595928022,0.32173469570669,0.287504610450173,0.524664324115925,0.279467854707454,0.238833297674195,3.10823601581991,"2023","0.5"
45,"fd",0.76162714232412,0.343160736865105,0.0367031402953801,0.474930754280908,0.479310986769161,0.225859224660443,3.3041907489683,"2023","0.5"
45,"ir",0.571897388774685,0.140516208411071,0.407499344363762,0.843328901895016,0.840329103467935,0.263908421147768,4.05147590785262,"2023","0.5"
45,"rand",0.911729836147615,0.126253493790835,0.00836632461418483,1.16635890033644,0.685833638370763,0.387816398123796,4.24789705292209,"2023","0.5"
46,"dt",0.266354956965859,0.0491349345508726,1.02443796578685,0.328000508374147,0.355500231913418,0.121138625030823,2.36948071743165,"2023","0.5"
46,"fd",0.390731294486752,0.160688392425423,0.00153054816267611,0.0380424446493974,0.196964053972426,0.0775294191198612,1.68049386886592,"2023","0.5"
46,"ir",0.788875079801018,0.170497735218432,0.00106025288186321,0.0488168891026851,0.251996136021843,0.144690588972863,2.3580851194987,"2023","0.5"
46,"rand",1.06323444061651,0.310748318646561,0.546378533978311,0.699056981471005,0.495554379720122,0.364399837635255,4.10125750452772,"2023","0.5"
47,"dt",0.603208701598466,0.159911603069941,0.0775807699766143,0.28994330629238,0.0827568802375494,0.100218176351819,1.65306578477356,"2023","0.5"
47,"fd",0.582809746770877,0.147495215264552,0.0962725523587459,0.368771369333403,0.0616604914943557,0.0846319805762938,1.49188174041361,"2023","0.5"
47,"ir",0.36308199111416,0.132744173775603,0.0873980640430649,0.295365381481732,0.0489473810007029,0.0377126509024033,1.14949000512946,"2023","0.5"
47,"rand",0.376079538954764,0.0673389106152025,0.044701936677516,0.228308432110541,0.0150047875105836,0.0928012431830613,0.967090089075112,"2023","0.5"
48,"dt",0.126378712430587,0.0913223330052384,0.0468608155234656,0.237111360015478,0.0148284301015218,0.0523664271789338,0.671215544069731,"2023","0.5"
48,"fd",0.197685099729193,0.032213507583242,0.0225201246226051,0.161536634854251,0.0187408568854511,0.0956061034711827,0.528302327145925,"2023","0.5"
48,"ir",0.548065709838793,0.131659994371388,0.101528408962098,0.352270184864935,0.00689692105552479,0.00398980007739922,1.58874695667014,"2023","0.5"
48,"rand",0.391298550619872,0.170056681273038,0.10265862523437,0.350533722856773,0.0397018102798063,0.0972548277077185,1.2001497643444,"2023","0.5"
49,"dt",0.153778294212606,0.00953922684490834,0.00122344455091306,0.0794972561972898,0.000466234475609551,0.103470116199973,0.347974572481299,"2023","0.5"
49,"fd",0.898034630247288,0.316081145515463,1.01980120457436,0.515354119394234,0.347837949752967,0.0561905679444505,4.09913570000016,"2023","0.5"
49,"ir",0.928379653257833,0.163651523186866,0.123854050105141,0.507502279433088,0.0272526422624823,0.119374994771291,2.56198233214261,"2023","0.5"
49,"rand",0.215209802312726,0.0798226280139367,0.04721929048753,0.205232322652763,0.0279189382617514,0.034751736631872,0.610154718360579,"2023","0.5"
5,"dt",0.918858081730969,0.429779274758965,0.98819783301623,0.71161521303685,0.753955421955529,0.548145605317266,5.36016681443119,"2023","1.25"
5,"fd",0.245462167761093,0.19860162752384,0.144835303661198,0.463703562509084,0.299378260407898,0.268590112500976,2.02618626873909,"2023","1.25"
5,"ir",0.723992882545978,0.234303496019687,0.15346964006383,0.503692504557448,0.283805740210924,0.250017754283761,3.01130940965694,"2023","1.25"
5,"rand",0.653705429923309,0.1422149542415,0.151561484776029,0.587914242417241,0.328952838789582,0.390936236682379,2.8704825908322,"2023","1.25"
50,"rand",1.19593164166872,0.219088952337755,0.196533735027073,0.68698749096523,0.00204130547634025,0.00361509295991018,3.31790332240478,"2023","0.5"
51,"dt",0.875562102896611,0.275019801296774,0.632957157295004,0.656376060346232,0.27624672415751,0.0830864371732055,3.11679339237711,"2023","0.5"
51,"fd",1.19786799656808,0.27677348168827,1.60827540459976,0.994479857773938,0.477209273365587,0.416574842809401,5.13874086720931,"2023","0.5"
51,"ir",0.95348546697466,0.345827186769136,2.89646864391279,1.94490695789195,1.82414107973492,0.0514384712468806,8.65664650703015,"2023","0.5"
51,"rand",0.430205469372591,0.344592842249807,0.421689023669257,0.420898201862137,0.185499348570438,0.337476777029216,2.422846540361,"2023","0.5"
52,"dt",0.532129121805659,0.220091941173795,0.0121044114947801,0.215948954842721,0.0277031391653788,0.242150417869638,1.36134103931765,"2023","0.5"
52,"fd",0.903896979297378,0.336044864050978,1.81883815353051,0.918241885606279,0.658104445593971,0.255797269963958,4.89092359804307,"2023","0.5"
52,"ir",0.484997745006673,0.225965564836588,0.00208109320200581,0.225080732395292,0.0788518826718573,0.109908562472462,1.12688558058488,"2023","0.5"
52,"rand",0.971112859029573,0.370192719845381,0.42021273019729,0.43456814894981,0.176771090280547,0.260185001934949,2.63304255023755,"2023","0.5"
53,"dt",1.31196107765447,0.527594574834228,2.66243333528103,1.22882297295363,0.950532289013381,0.436187470008349,7.52314695412009,"2023","0.5"
53,"fd",0.915234451475704,0.328584047418243,0.0138534859821697,0.177527060750359,0.0482598342351976,0.223911239961901,1.81058373040959,"2023","0.5"
53,"rand",0.591597159295468,0.18752733311763,1.24946115633318,0.612629323282889,0.352007361113163,0.172477604948683,3.16569993809102,"2023","0.5"
6,"dt",0.999575861934296,0.251477463167371,1.35675188865978,0.744053080652528,0.69876658461461,0.276061045041278,5.28189301806153,"2023","1.25"
6,"fd",0.845370355551326,0.227983847199638,0.0409183842843328,0.64243185831827,0.427723055633209,0.373800729016669,3.44029259421067,"2023","1.25"
6,"ir",0.760279874633043,0.331508981961124,0.331602468906471,0.474232940188888,0.41804651473284,0.277867663168078,3.60387429224599,"2023","1.25"
6,"rand",0.116059009291428,0.0634672260318152,0.124728071144333,0.390023090536126,0.229501272003983,0.19144888899124,1.34984294261431,"2023","1.25"
7,"dt",0.465011150555284,0.211298996529913,0.145228856302604,0.591717192742735,0.410739641762349,0.249230755569918,2.97600437124058,"2023","1.25"
7,"fd",1.41693895624624,0.617278025237864,0.105326795502894,0.604405422185668,0.307661385021288,0.545117114505434,4.60848276652442,"2023","1.25"
7,"ir",0.709120428895426,0.806580995906435,0.107558948589485,0.546583847330747,0.45280001940722,0.228727131275499,3.86515730395348,"2023","1.25"
7,"rand",0.187283911997772,0.133374856892208,0.144417073309477,0.505557793569211,0.307600797239096,0.259793032980749,1.94320042394837,"2023","1.25"
8,"dt",1.13032847615221,0.204357192525089,0.097224179665805,0.404158680456892,0.364828405799375,0.273329070213594,3.46912396399664,"2023","1.25"
8,"fd",1.07994116206608,0.252388747921781,0.118651584671805,0.482519847610524,0.199039251615309,0.162226827594752,3.05648617148025,"2023","1.25"
8,"ir",1.07204439618659,0.255071190956115,2.58987997747408,1.09357339504147,0.942647483550439,0.44923091541701,7.30522513640349,"2023","1.25"
8,"rand",0,0,0,0,0,0,0,"2023","1.25"
9,"dt",0.331991131025576,0.138535906002234,0.0535943733066248,0.173070100602933,0.194596823352157,0.1357139206541,1.4614983287201,"2023","1.25"
9,"fd",1.023345584809,0.167565208697816,0.0487089766936769,0.192286749580488,0.304798022734152,0.260113703064889,2.91514130397004,"2023","1.25"
9,"ir",1.19894571432846,0.350363642456727,0.114500546436263,0.464446026380982,0.133030305512548,0.223913113462489,3.26121975674074,"2023","1.25"
9,"rand",0.787306677725487,0.135735220127319,0.251962598084663,0.517562095605308,0.389909410123025,0.281906792010064,3.11048013068229,"2023","1.25"
